## 2026-05-17T17:03:48Z
description: Download Linux 6.18.32 source tarball
cwd: /home/azureuser/KernelSlim
command: wget -O sources/linux-6.18.32.tar.xz https://cdn.kernel.org/pub/linux/kernel/v6.x/linux-6.18.32.tar.xz

--2026-05-17 17:03:48--  https://cdn.kernel.org/pub/linux/kernel/v6.x/linux-6.18.32.tar.xz
Resolving cdn.kernel.org (cdn.kernel.org)... 151.101.161.176, 2a04:4e42:83::432
Connecting to cdn.kernel.org (cdn.kernel.org)|151.101.161.176|:443... connected.
HTTP request sent, awaiting response... 200 OK
Length: 154485060 (147M) [application/x-xz]
Saving to: ‘sources/linux-6.18.32.tar.xz’

     0K .......... .......... .......... .......... ..........  0% 3.53M 42s
    50K .......... .......... .......... .......... ..........  0% 8.03M 30s
   100K .......... .......... .......... .......... ..........  0% 4.06M 32s
   150K .......... .......... .......... .......... ..........  0% 5.43M 31s
   200K .......... .......... .......... .......... ..........  0% 18.4M 26s
   250K .......... .......... .......... .......... ..........  0% 14.3M 24s
   300K .......... .......... .......... .......... ..........  0% 5.05M 24s
   350K .......... .......... .......... .......... ..........  0% 13.8M 23s
   400K .......... .......... .......... .......... ..........  0% 6.58M 23s
   450K .......... .......... .......... .......... ..........  0% 13.0M 21s
   500K .......... .......... .......... .......... ..........  0% 13.8M 20s
   550K .......... .......... .......... .......... ..........  0% 9.83M 20s
   600K .......... .......... .......... .......... ..........  0% 44.2M 19s
   650K .......... .......... .......... .......... ..........  0% 19.7M 18s
   700K .......... .......... .......... .......... ..........  0% 14.3M 17s
   750K .......... .......... .......... .......... ..........  0% 8.02M 17s
   800K .......... .......... .......... .......... ..........  0% 14.4M 17s
   850K .......... .......... .......... .......... ..........  0% 66.2M 16s
   900K .......... .......... .......... .......... ..........  0% 79.2M 15s
   950K .......... .......... .......... .......... ..........  0% 12.8M 15s
  1000K .......... .......... .......... .......... ..........  0%  174M 15s
  1050K .......... .......... .......... .......... ..........  0% 6.31M 15s
  1100K .......... .......... .......... .......... ..........  0%  269M 14s
  1150K .......... .......... .......... .......... ..........  0% 28.7M 14s
  1200K .......... .......... .......... .......... ..........  0%  465M 13s
  1250K .......... .......... .......... .......... ..........  0% 24.9M 13s
  1300K .......... .......... .......... .......... ..........  0% 25.0M 13s
  1350K .......... .......... .......... .......... ..........  0% 12.4M 13s
  1400K .......... .......... .......... .......... ..........  0% 64.9M 12s
  1450K .......... .......... .......... .......... ..........  0% 17.1M 12s
  1500K .......... .......... .......... .......... ..........  1% 70.6M 12s
  1550K .......... .......... .......... .......... ..........  1% 20.9M 12s
  1600K .......... .......... .......... .......... ..........  1%  197M 11s
  1650K .......... .......... .......... .......... ..........  1% 26.5M 11s
  1700K .......... .......... .......... .......... ..........  1% 10.8M 11s
  1750K .......... .......... .......... .......... ..........  1% 38.9M 11s
  1800K .......... .......... .......... .......... ..........  1% 71.0M 11s
  1850K .......... .......... .......... .......... ..........  1%  209M 11s
  1900K .......... .......... .......... .......... ..........  1% 42.0M 10s
  1950K .......... .......... .......... .......... ..........  1% 62.8M 10s
  2000K .......... .......... .......... .......... ..........  1%  351M 10s
  2050K .......... .......... .......... .......... ..........  1%  453M 10s
  2100K .......... .......... .......... .......... ..........  1% 83.8M 10s
  2150K .......... .......... .......... .......... ..........  1%  139M 9s
  2200K .......... .......... .......... .......... ..........  1%  356M 9s
  2250K .......... .......... .......... .......... ..........  1%  137M 9s
  2300K .......... .......... .......... .......... ..........  1% 33.5M 9s
  2350K .......... .......... .......... .......... ..........  1% 22.9M 9s
  2400K .......... .......... .......... .......... ..........  1% 11.5M 9s
  2450K .......... .......... .......... .......... ..........  1% 58.0M 9s
  2500K .......... .......... .......... .......... ..........  1%  172M 9s
  2550K .......... .......... .......... .......... ..........  1% 23.1M 9s
  2600K .......... .......... .......... .......... ..........  1%  426M 8s
  2650K .......... .......... .......... .......... ..........  1% 47.3M 8s
  2700K .......... .......... .......... .......... ..........  1%  300M 8s
  2750K .......... .......... .......... .......... ..........  1%  303M 8s
  2800K .......... .......... .......... .......... ..........  1%  444M 8s
  2850K .......... .......... .......... .......... ..........  1% 72.8M 8s
  2900K .......... .......... .......... .......... ..........  1% 67.5M 8s
  2950K .......... .......... .......... .......... ..........  1%  246M 8s
  3000K .......... .......... .......... .......... ..........  2%  457M 7s
  3050K .......... .......... .......... .......... ..........  2% 21.7M 7s
  3100K .......... .......... .......... .......... ..........  2%  421M 7s
  3150K .......... .......... .......... .......... ..........  2% 9.64M 7s
  3200K .......... .......... .......... .......... ..........  2% 57.9M 7s
  3250K .......... .......... .......... .......... ..........  2% 86.5M 7s
  3300K .......... .......... .......... .......... ..........  2%  151M 7s
  3350K .......... .......... .......... .......... ..........  2%  109M 7s
  3400K .......... .......... .......... .......... ..........  2%  115M 7s
  3450K .......... .......... .......... .......... ..........  2% 83.3M 7s
  3500K .......... .......... .......... .......... ..........  2%  153M 7s
  3550K .......... .......... .......... .......... ..........  2%  303M 7s
  3600K .......... .......... .......... .......... ..........  2%  352M 7s
  3650K .......... .......... .......... .......... ..........  2%  474M 7s
  3700K .......... .......... .......... .......... ..........  2%  316M 6s
  3750K .......... .......... .......... .......... ..........  2%  323M 6s
  3800K .......... .......... .......... .......... ..........  2%  443M 6s
  3850K .......... .......... .......... .......... ..........  2%  485M 6s
  3900K .......... .......... .......... .......... ..........  2%  461M 6s
  3950K .......... .......... .......... .......... ..........  2% 47.1M 6s
  4000K .......... .......... .......... .......... ..........  2% 79.8M 6s
  4050K .......... .......... .......... .......... ..........  2% 69.4M 6s
  4100K .......... .......... .......... .......... ..........  2% 84.6M 6s
  4150K .......... .......... .......... .......... ..........  2%  284M 6s
  4200K .......... .......... .......... .......... ..........  2%  158M 6s
  4250K .......... .......... .......... .......... ..........  2%  330M 6s
  4300K .......... .......... .......... .......... ..........  2%  470M 6s
  4350K .......... .......... .......... .......... ..........  2%  356M 6s
  4400K .......... .......... .......... .......... ..........  2%  476M 6s
  4450K .......... .......... .......... .......... ..........  2%  152M 5s
  4500K .......... .......... .......... .......... ..........  3% 91.1M 5s
  4550K .......... .......... .......... .......... ..........  3% 11.6M 6s
  4600K .......... .......... .......... .......... ..........  3% 92.8M 5s
  4650K .......... .......... .......... .......... ..........  3%  206M 5s
  4700K .......... .......... .......... .......... ..........  3% 32.6M 5s
  4750K .......... .......... .......... .......... ..........  3% 32.0M 5s
  4800K .......... .......... .......... .......... ..........  3%  370M 5s
  4850K .......... .......... .......... .......... ..........  3%  377M 5s
  4900K .......... .......... .......... .......... ..........  3%  371M 5s
  4950K .......... .......... .......... .......... ..........  3%  287M 5s
  5000K .......... .......... .......... .......... ..........  3%  435M 5s
  5050K .......... .......... .......... .......... ..........  3%  156M 5s
  5100K .......... .......... .......... .......... ..........  3% 72.0M 5s
  5150K .......... .......... .......... .......... ..........  3%  301M 5s
  5200K .......... .......... .......... .......... ..........  3%  433M 5s
  5250K .......... .......... .......... .......... ..........  3%  308M 5s
  5300K .......... .......... .......... .......... ..........  3%  264M 5s
  5350K .......... .......... .......... .......... ..........  3%  295M 5s
  5400K .......... .......... .......... .......... ..........  3%  370M 5s
  5450K .......... .......... .......... .......... ..........  3%  418M 5s
  5500K .......... .......... .......... .......... ..........  3% 30.1M 5s
  5550K .......... .......... .......... .......... ..........  3%  163M 5s
  5600K .......... .......... .......... .......... ..........  3%  282M 5s
  5650K .......... .......... .......... .......... ..........  3%  370M 5s
  5700K .......... .......... .......... .......... ..........  3%  364M 5s
  5750K .......... .......... .......... .......... ..........  3%  433M 5s
  5800K .......... .......... .......... .......... ..........  3%  443M 5s
  5850K .......... .......... .......... .......... ..........  3%  441M 4s
  5900K .......... .......... .......... .......... ..........  3% 15.8M 5s
  5950K .......... .......... .......... .......... ..........  3% 42.9M 5s
  6000K .......... .......... .......... .......... ..........  4%  335M 4s
  6050K .......... .......... .......... .......... ..........  4%  203M 4s
  6100K .......... .......... .......... .......... ..........  4%  355M 4s
  6150K .......... .......... .......... .......... ..........  4%  121M 4s
  6200K .......... .......... .......... .......... ..........  4%  221M 4s
  6250K .......... .......... .......... .......... ..........  4% 35.4M 4s
  6300K .......... .......... .......... .......... ..........  4% 64.8M 4s
  6350K .......... .......... .......... .......... ..........  4%  114M 4s
  6400K .......... .......... .......... .......... ..........  4%  280M 4s
  6450K .......... .......... .......... .......... ..........  4%  244M 4s
  6500K .......... .......... .......... .......... ..........  4%  355M 4s
  6550K .......... .......... .......... .......... ..........  4%  315M 4s
  6600K .......... .......... .......... .......... ..........  4%  370M 4s
  6650K .......... .......... .......... .......... ..........  4%  174M 4s
  6700K .......... .......... .......... .......... ..........  4%  285M 4s
  6750K .......... .......... .......... .......... ..........  4%  308M 4s
  6800K .......... .......... .......... .......... ..........  4%  476M 4s
  6850K .......... .......... .......... .......... ..........  4%  496M 4s
  6900K .......... .......... .......... .......... ..........  4%  466M 4s
  6950K .......... .......... .......... .......... ..........  4%  496M 4s
  7000K .......... .......... .......... .......... ..........  4%  307M 4s
  7050K .......... .......... .......... .......... ..........  4%  312M 4s
  7100K .......... .......... .......... .......... ..........  4%  386M 4s
  7150K .......... .......... .......... .......... ..........  4% 43.6M 4s
  7200K .......... .......... .......... .......... ..........  4%  168M 4s
  7250K .......... .......... .......... .......... ..........  4%  435M 4s
  7300K .......... .......... .......... .......... ..........  4%  456M 4s
  7350K .......... .......... .......... .......... ..........  4%  484M 4s
  7400K .......... .......... .......... .......... ..........  4%  372M 4s
  7450K .......... .......... .......... .......... ..........  4%  481M 4s
  7500K .......... .......... .......... .......... ..........  5%  343M 4s
  7550K .......... .......... .......... .......... ..........  5%  358M 4s
  7600K .......... .......... .......... .......... ..........  5%  315M 4s
  7650K .......... .......... .......... .......... ..........  5%  403M 4s
  7700K .......... .......... .......... .......... ..........  5%  291M 4s
  7750K .......... .......... .......... .......... ..........  5%  156M 4s
  7800K .......... .......... .......... .......... ..........  5% 86.0M 4s
  7850K .......... .......... .......... .......... ..........  5% 78.4M 4s
  7900K .......... .......... .......... .......... ..........  5% 83.1M 4s
  7950K .......... .......... .......... .......... ..........  5%  147M 4s
  8000K .......... .......... .......... .......... ..........  5%  456M 4s
  8050K .......... .......... .......... .......... ..........  5%  488M 3s
  8100K .......... .......... .......... .......... ..........  5%  499M 3s
  8150K .......... .......... .......... .......... ..........  5%  435M 3s
  8200K .......... .......... .......... .......... ..........  5%  469M 3s
  8250K .......... .......... .......... .......... ..........  5%  449M 3s
  8300K .......... .......... .......... .......... ..........  5%  224M 3s
  8350K .......... .......... .......... .......... ..........  5%  274M 3s
  8400K .......... .......... .......... .......... ..........  5%  464M 3s
  8450K .......... .......... .......... .......... ..........  5%  475M 3s
  8500K .......... .......... .......... .......... ..........  5% 60.5M 3s
  8550K .......... .......... .......... .......... ..........  5% 80.5M 3s
  8600K .......... .......... .......... .......... ..........  5%  377M 3s
  8650K .......... .......... .......... .......... ..........  5%  410M 3s
  8700K .......... .......... .......... .......... ..........  5%  344M 3s
  8750K .......... .......... .......... .......... ..........  5%  302M 3s
  8800K .......... .......... .......... .......... ..........  5%  457M 3s
  8850K .......... .......... .......... .......... ..........  5%  332M 3s
  8900K .......... .......... .......... .......... ..........  5%  457M 3s
  8950K .......... .......... .......... .......... ..........  5%  363M 3s
  9000K .......... .......... .......... .......... ..........  5% 57.5M 3s
  9050K .......... .......... .......... .......... ..........  6%  184M 3s
  9100K .......... .......... .......... .......... ..........  6%  136M 3s
  9150K .......... .......... .......... .......... ..........  6% 78.3M 3s
  9200K .......... .......... .......... .......... ..........  6%  116M 3s
  9250K .......... .......... .......... .......... ..........  6%  440M 3s
  9300K .......... .......... .......... .......... ..........  6% 23.2M 3s
  9350K .......... .......... .......... .......... ..........  6% 79.7M 3s
  9400K .......... .......... .......... .......... ..........  6%  459M 3s
  9450K .......... .......... .......... .......... ..........  6%  456M 3s
  9500K .......... .......... .......... .......... ..........  6%  476M 3s
  9550K .......... .......... .......... .......... ..........  6%  315M 3s
  9600K .......... .......... .......... .......... ..........  6%  485M 3s
  9650K .......... .......... .......... .......... ..........  6% 29.3M 3s
  9700K .......... .......... .......... .......... ..........  6%  437M 3s
  9750K .......... .......... .......... .......... ..........  6%  491M 3s
  9800K .......... .......... .......... .......... ..........  6%  489M 3s
  9850K .......... .......... .......... .......... ..........  6%  289M 3s
  9900K .......... .......... .......... .......... ..........  6% 82.2M 3s
  9950K .......... .......... .......... .......... ..........  6% 51.9M 3s
 10000K .......... .......... .......... .......... ..........  6% 83.4M 3s
 10050K .......... .......... .......... .......... ..........  6%  311M 3s
 10100K .......... .......... .......... .......... ..........  6%  465M 3s
 10150K .......... .......... .......... .......... ..........  6%  433M 3s
 10200K .......... .......... .......... .......... ..........  6%  494M 3s
 10250K .......... .......... .......... .......... ..........  6%  493M 3s
 10300K .......... .......... .......... .......... ..........  6%  359M 3s
 10350K .......... .......... .......... .......... ..........  6%  104M 3s
 10400K .......... .......... .......... .......... ..........  6% 82.3M 3s
 10450K .......... .......... .......... .......... ..........  6%  368M 3s
 10500K .......... .......... .......... .......... ..........  6%  470M 3s
 10550K .......... .......... .......... .......... ..........  7%  383M 3s
 10600K .......... .......... .......... .......... ..........  7%  469M 3s
 10650K .......... .......... .......... .......... ..........  7%  408M 3s
 10700K .......... .......... .......... .......... ..........  7%  443M 3s
 10750K .......... .......... .......... .......... ..........  7%  350M 3s
 10800K .......... .......... .......... .......... ..........  7%  373M 3s
 10850K .......... .......... .......... .......... ..........  7%  108M 3s
 10900K .......... .......... .......... .......... ..........  7% 43.3M 3s
 10950K .......... .......... .......... .......... ..........  7%  443M 3s
 11000K .......... .......... .......... .......... ..........  7%  428M 3s
 11050K .......... .......... .......... .......... ..........  7%  426M 3s
 11100K .......... .......... .......... .......... ..........  7%  487M 3s
 11150K .......... .......... .......... .......... ..........  7%  316M 3s
 11200K .......... .......... .......... .......... ..........  7%  387M 3s
 11250K .......... .......... .......... .......... ..........  7%  479M 3s
 11300K .......... .......... .......... .......... ..........  7%  452M 3s
 11350K .......... .......... .......... .......... ..........  7%  488M 3s
 11400K .......... .......... .......... .......... ..........  7%  472M 3s
 11450K .......... .......... .......... .......... ..........  7%  483M 3s
 11500K .......... .......... .......... .......... ..........  7%  349M 3s
 11550K .......... .......... .......... .......... ..........  7%  160M 3s
 11600K .......... .......... .......... .......... ..........  7% 86.4M 3s
 11650K .......... .......... .......... .......... ..........  7% 76.0M 3s
 11700K .......... .......... .......... .......... ..........  7% 89.8M 3s
 11750K .......... .......... .......... .......... ..........  7%  353M 3s
 11800K .......... .......... .......... .......... ..........  7%  484M 3s
 11850K .......... .......... .......... .......... ..........  7%  429M 3s
 11900K .......... .......... .......... .......... ..........  7%  486M 3s
 11950K .......... .......... .......... .......... ..........  7%  378M 3s
 12000K .......... .......... .......... .......... ..........  7%  479M 3s
 12050K .......... .......... .......... .......... ..........  8%  500M 3s
 12100K .......... .......... .......... .......... ..........  8%  408M 3s
 12150K .......... .......... .......... .......... ..........  8%  456M 3s
 12200K .......... .......... .......... .......... ..........  8%  374M 3s
 12250K .......... .......... .......... .......... ..........  8%  401M 2s
 12300K .......... .......... .......... .......... ..........  8%  468M 2s
 12350K .......... .......... .......... .......... ..........  8%  356M 2s
 12400K .......... .......... .......... .......... ..........  8%  422M 2s
 12450K .......... .......... .......... .......... ..........  8%  455M 2s
 12500K .......... .......... .......... .......... ..........  8%  486M 2s
 12550K .......... .......... .......... .......... ..........  8%  494M 2s
 12600K .......... .......... .......... .......... ..........  8%  497M 2s
 12650K .......... .......... .......... .......... ..........  8%  430M 2s
 12700K .......... .......... .......... .......... ..........  8%  496M 2s
 12750K .......... .......... .......... .......... ..........  8%  369M 2s
 12800K .......... .......... .......... .......... ..........  8%  493M 2s
 12850K .......... .......... .......... .......... ..........  8%  492M 2s
 12900K .......... .......... .......... .......... ..........  8%  492M 2s
 12950K .......... .......... .......... .......... ..........  8%  486M 2s
 13000K .......... .......... .......... .......... ..........  8%  471M 2s
 13050K .......... .......... .......... .......... ..........  8%  326M 2s
 13100K .......... .......... .......... .......... ..........  8%  398M 2s
 13150K .......... .......... .......... .......... ..........  8%  355M 2s
 13200K .......... .......... .......... .......... ..........  8%  499M 2s
 13250K .......... .......... .......... .......... ..........  8%  468M 2s
 13300K .......... .......... .......... .......... ..........  8%  418M 2s
 13350K .......... .......... .......... .......... ..........  8%  383M 2s
 13400K .......... .......... .......... .......... ..........  8%  478M 2s
 13450K .......... .......... .......... .......... ..........  8%  502M 2s
 13500K .......... .......... .......... .......... ..........  8%  489M 2s
 13550K .......... .......... .......... .......... ..........  9%  339M 2s
 13600K .......... .......... .......... .......... ..........  9%  483M 2s
 13650K .......... .......... .......... .......... ..........  9%  313M 2s
 13700K .......... .......... .......... .......... ..........  9%  470M 2s
 13750K .......... .......... .......... .......... ..........  9%  466M 2s
 13800K .......... .......... .......... .......... ..........  9%  433M 2s
 13850K .......... .......... .......... .......... ..........  9%  463M 2s
 13900K .......... .......... .......... .......... ..........  9%  493M 2s
 13950K .......... .......... .......... .......... ..........  9%  339M 2s
 14000K .......... .......... .......... .......... ..........  9%  482M 2s
 14050K .......... .......... .......... .......... ..........  9%  421M 2s
 14100K .......... .......... .......... .......... ..........  9%  451M 2s
 14150K .......... .......... .......... .......... ..........  9%  434M 2s
 14200K .......... .......... .......... .......... ..........  9%  495M 2s
 14250K .......... .......... .......... .......... ..........  9%  488M 2s
 14300K .......... .......... .......... .......... ..........  9%  495M 2s
 14350K .......... .......... .......... .......... ..........  9%  364M 2s
 14400K .......... .......... .......... .......... ..........  9%  304M 2s
 14450K .......... .......... .......... .......... ..........  9%  387M 2s
 14500K .......... .......... .......... .......... ..........  9%  322M 2s
 14550K .......... .......... .......... .......... ..........  9%  418M 2s
 14600K .......... .......... .......... .......... ..........  9%  466M 2s
 14650K .......... .......... .......... .......... ..........  9%  481M 2s
 14700K .......... .......... .......... .......... ..........  9%  492M 2s
 14750K .......... .......... .......... .......... ..........  9%  367M 2s
 14800K .......... .......... .......... .......... ..........  9%  407M 2s
 14850K .......... .......... .......... .......... ..........  9%  460M 2s
 14900K .......... .......... .......... .......... ..........  9%  503M 2s
 14950K .......... .......... .......... .......... ..........  9%  323M 2s
 15000K .......... .......... .......... .......... ..........  9%  104M 2s
 15050K .......... .......... .......... .......... .......... 10% 89.6M 2s
 15100K .......... .......... .......... .......... .......... 10% 81.2M 2s
 15150K .......... .......... .......... .......... .......... 10% 69.7M 2s
 15200K .......... .......... .......... .......... .......... 10% 94.9M 2s
 15250K .......... .......... .......... .......... .......... 10%  457M 2s
 15300K .......... .......... .......... .......... .......... 10%  493M 2s
 15350K .......... .......... .......... .......... .......... 10%  485M 2s
 15400K .......... .......... .......... .......... .......... 10%  399M 2s
 15450K .......... .......... .......... .......... .......... 10%  488M 2s
 15500K .......... .......... .......... .......... .......... 10%  480M 2s
 15550K .......... .......... .......... .......... .......... 10%  368M 2s
 15600K .......... .......... .......... .......... .......... 10%  400M 2s
 15650K .......... .......... .......... .......... .......... 10%  475M 2s
 15700K .......... .......... .......... .......... .......... 10%  461M 2s
 15750K .......... .......... .......... .......... .......... 10%  348M 2s
 15800K .......... .......... .......... .......... .......... 10%  439M 2s
 15850K .......... .......... .......... .......... .......... 10%  470M 2s
 15900K .......... .......... .......... .......... .......... 10%  493M 2s
 15950K .......... .......... .......... .......... .......... 10%  368M 2s
 16000K .......... .......... .......... .......... .......... 10%  429M 2s
 16050K .......... .......... .......... .......... .......... 10%  375M 2s
 16100K .......... .......... .......... .......... .......... 10%  446M 2s
 16150K .......... .......... .......... .......... .......... 10%  502M 2s
 16200K .......... .......... .......... .......... .......... 10%  479M 2s
 16250K .......... .......... .......... .......... .......... 10%  445M 2s
 16300K .......... .......... .......... .......... .......... 10%  499M 2s
 16350K .......... .......... .......... .......... .......... 10%  319M 2s
 16400K .......... .......... .......... .......... .......... 10%  497M 2s
 16450K .......... .......... .......... .......... .......... 10%  350M 2s
 16500K .......... .......... .......... .......... .......... 10%  448M 2s
 16550K .......... .......... .......... .......... .......... 11%  470M 2s
 16600K .......... .......... .......... .......... .......... 11%  470M 2s
 16650K .......... .......... .......... .......... .......... 11%  468M 2s
 16700K .......... .......... .......... .......... .......... 11%  483M 2s
 16750K .......... .......... .......... .......... .......... 11%  378M 2s
 16800K .......... .......... .......... .......... .......... 11%  495M 2s
 16850K .......... .......... .......... .......... .......... 11%  492M 2s
 16900K .......... .......... .......... .......... .......... 11%  398M 2s
 16950K .......... .......... .......... .......... .......... 11%  459M 2s
 17000K .......... .......... .......... .......... .......... 11%  422M 2s
 17050K .......... .......... .......... .......... .......... 11%  428M 2s
 17100K .......... .......... .......... .......... .......... 11%  413M 2s
 17150K .......... .......... .......... .......... .......... 11%  341M 2s
 17200K .......... .......... .......... .......... .......... 11%  469M 2s
 17250K .......... .......... .......... .......... .......... 11%  409M 2s
 17300K .......... .......... .......... .......... .......... 11%  466M 2s
 17350K .......... .......... .......... .......... .......... 11%  316M 2s
 17400K .......... .......... .......... .......... .......... 11%  438M 2s
 17450K .......... .......... .......... .......... .......... 11%  435M 2s
 17500K .......... .......... .......... .......... .......... 11%  493M 2s
 17550K .......... .......... .......... .......... .......... 11%  366M 2s
 17600K .......... .......... .......... .......... .......... 11%  496M 2s
 17650K .......... .......... .......... .......... .......... 11%  488M 2s
 17700K .......... .......... .......... .......... .......... 11%  430M 2s
 17750K .......... .......... .......... .......... .......... 11%  487M 2s
 17800K .......... .......... .......... .......... .......... 11%  395M 2s
 17850K .......... .......... .......... .......... .......... 11%  414M 2s
 17900K .......... .......... .......... .......... .......... 11%  409M 2s
 17950K .......... .......... .......... .......... .......... 11%  329M 2s
 18000K .......... .......... .......... .......... .......... 11%  446M 2s
 18050K .......... .......... .......... .......... .......... 11%  311M 2s
 18100K .......... .......... .......... .......... .......... 12%  204M 2s
 18150K .......... .......... .......... .......... .......... 12%  310M 2s
 18200K .......... .......... .......... .......... .......... 12%  462M 2s
 18250K .......... .......... .......... .......... .......... 12%  436M 2s
 18300K .......... .......... .......... .......... .......... 12%  499M 2s
 18350K .......... .......... .......... .......... .......... 12%  367M 2s
 18400K .......... .......... .......... .......... .......... 12%  488M 2s
 18450K .......... .......... .......... .......... .......... 12%  491M 2s
 18500K .......... .......... .......... .......... .......... 12%  507M 2s
 18550K .......... .......... .......... .......... .......... 12%  480M 2s
 18600K .......... .......... .......... .......... .......... 12% 77.9M 2s
 18650K .......... .......... .......... .......... .......... 12% 71.0M 2s
 18700K .......... .......... .......... .......... .......... 12% 75.8M 2s
 18750K .......... .......... .......... .......... .......... 12%  108M 2s
 18800K .......... .......... .......... .......... .......... 12%  400M 2s
 18850K .......... .......... .......... .......... .......... 12%  405M 2s
 18900K .......... .......... .......... .......... .......... 12%  393M 2s
 18950K .......... .......... .......... .......... .......... 12%  397M 2s
 19000K .......... .......... .......... .......... .......... 12%  146M 2s
 19050K .......... .......... .......... .......... .......... 12% 87.9M 2s
 19100K .......... .......... .......... .......... .......... 12%  476M 2s
 19150K .......... .......... .......... .......... .......... 12%  309M 2s
 19200K .......... .......... .......... .......... .......... 12%  385M 2s
 19250K .......... .......... .......... .......... .......... 12%  410M 2s
 19300K .......... .......... .......... .......... .......... 12%  377M 2s
 19350K .......... .......... .......... .......... .......... 12%  379M 2s
 19400K .......... .......... .......... .......... .......... 12%  466M 2s
 19450K .......... .......... .......... .......... .......... 12%  482M 2s
 19500K .......... .......... .......... .......... .......... 12%  498M 2s
 19550K .......... .......... .......... .......... .......... 12%  369M 2s
 19600K .......... .......... .......... .......... .......... 13%  394M 2s
 19650K .......... .......... .......... .......... .......... 13%  432M 2s
 19700K .......... .......... .......... .......... .......... 13%  470M 2s
 19750K .......... .......... .......... .......... .......... 13%  475M 2s
 19800K .......... .......... .......... .......... .......... 13%  396M 2s
 19850K .......... .......... .......... .......... .......... 13%  446M 2s
 19900K .......... .......... .......... .......... .......... 13%  500M 2s
 19950K .......... .......... .......... .......... .......... 13%  366M 2s
 20000K .......... .......... .......... .......... .......... 13%  316M 2s
 20050K .......... .......... .......... .......... .......... 13%  481M 2s
 20100K .......... .......... .......... .......... .......... 13%  397M 2s
 20150K .......... .......... .......... .......... .......... 13%  501M 2s
 20200K .......... .......... .......... .......... .......... 13%  435M 2s
 20250K .......... .......... .......... .......... .......... 13%  494M 2s
 20300K .......... .......... .......... .......... .......... 13%  436M 2s
 20350K .......... .......... .......... .......... .......... 13%  376M 2s
 20400K .......... .......... .......... .......... .......... 13%  401M 2s
 20450K .......... .......... .......... .......... .......... 13%  409M 2s
 20500K .......... .......... .......... .......... .......... 13%  440M 2s
 20550K .......... .......... .......... .......... .......... 13%  485M 2s
 20600K .......... .......... .......... .......... .......... 13%  500M 2s
 20650K .......... .......... .......... .......... .......... 13%  431M 2s
 20700K .......... .......... .......... .......... .......... 13%  254M 2s
 20750K .......... .......... .......... .......... .......... 13%  334M 2s
 20800K .......... .......... .......... .......... .......... 13%  452M 2s
 20850K .......... .......... .......... .......... .......... 13%  420M 2s
 20900K .......... .......... .......... .......... .......... 13%  464M 2s
 20950K .......... .......... .......... .......... .......... 13%  479M 2s
 21000K .......... .......... .......... .......... .......... 13%  477M 2s
 21050K .......... .......... .......... .......... .......... 13%  405M 2s
 21100K .......... .......... .......... .......... .......... 14%  492M 2s
 21150K .......... .......... .......... .......... .......... 14%  368M 2s
 21200K .......... .......... .......... .......... .......... 14%  498M 2s
 21250K .......... .......... .......... .......... .......... 14%  495M 2s
 21300K .......... .......... .......... .......... .......... 14%  393M 1s
 21350K .......... .......... .......... .......... .......... 14%  403M 1s
 21400K .......... .......... .......... .......... .......... 14%  491M 1s
 21450K .......... .......... .......... .......... .......... 14%  452M 1s
 21500K .......... .......... .......... .......... .......... 14%  467M 1s
 21550K .......... .......... .......... .......... .......... 14%  332M 1s
 21600K .......... .......... .......... .......... .......... 14%  503M 1s
 21650K .......... .......... .......... .......... .......... 14%  487M 1s
 21700K .......... .......... .......... .......... .......... 14%  500M 1s
 21750K .......... .......... .......... .......... .......... 14%  410M 1s
 21800K .......... .......... .......... .......... .......... 14%  337M 1s
 21850K .......... .......... .......... .......... .......... 14%  356M 1s
 21900K .......... .......... .......... .......... .......... 14%  387M 1s
 21950K .......... .......... .......... .......... .......... 14% 78.1M 1s
 22000K .......... .......... .......... .......... .......... 14%  247M 1s
 22050K .......... .......... .......... .......... .......... 14%  434M 1s
 22100K .......... .......... .......... .......... .......... 14%  394M 1s
 22150K .......... .......... .......... .......... .......... 14%  478M 1s
 22200K .......... .......... .......... .......... .......... 14%  499M 1s
 22250K .......... .......... .......... .......... .......... 14%  421M 1s
 22300K .......... .......... .......... .......... .......... 14%  388M 1s
 22350K .......... .......... .......... .......... .......... 14%  112M 1s
 22400K .......... .......... .......... .......... .......... 14% 75.4M 1s
 22450K .......... .......... .......... .......... .......... 14% 78.4M 1s
 22500K .......... .......... .......... .......... .......... 14%  202M 1s
 22550K .......... .......... .......... .......... .......... 14%  477M 1s
 22600K .......... .......... .......... .......... .......... 15%  438M 1s
 22650K .......... .......... .......... .......... .......... 15%  481M 1s
 22700K .......... .......... .......... .......... .......... 15%  431M 1s
 22750K .......... .......... .......... .......... .......... 15%  357M 1s
 22800K .......... .......... .......... .......... .......... 15%  496M 1s
 22850K .......... .......... .......... .......... .......... 15%  445M 1s
 22900K .......... .......... .......... .......... .......... 15%  478M 1s
 22950K .......... .......... .......... .......... .......... 15%  451M 1s
 23000K .......... .......... .......... .......... .......... 15%  498M 1s
 23050K .......... .......... .......... .......... .......... 15%  102M 1s
 23100K .......... .......... .......... .......... .......... 15%  184M 1s
 23150K .......... .......... .......... .......... .......... 15%  352M 1s
 23200K .......... .......... .......... .......... .......... 15%  317M 1s
 23250K .......... .......... .......... .......... .......... 15%  350M 1s
 23300K .......... .......... .......... .......... .......... 15%  413M 1s
 23350K .......... .......... .......... .......... .......... 15%  448M 1s
 23400K .......... .......... .......... .......... .......... 15%  426M 1s
 23450K .......... .......... .......... .......... .......... 15%  454M 1s
 23500K .......... .......... .......... .......... .......... 15%  483M 1s
 23550K .......... .......... .......... .......... .......... 15%  370M 1s
 23600K .......... .......... .......... .......... .......... 15%  474M 1s
 23650K .......... .......... .......... .......... .......... 15%  378M 1s
 23700K .......... .......... .......... .......... .......... 15%  495M 1s
 23750K .......... .......... .......... .......... .......... 15%  491M 1s
 23800K .......... .......... .......... .......... .......... 15%  479M 1s
 23850K .......... .......... .......... .......... .......... 15%  374M 1s
 23900K .......... .......... .......... .......... .......... 15%  460M 1s
 23950K .......... .......... .......... .......... .......... 15%  303M 1s
 24000K .......... .......... .......... .......... .......... 15%  478M 1s
 24050K .......... .......... .......... .......... .......... 15%  498M 1s
 24100K .......... .......... .......... .......... .......... 16%  435M 1s
 24150K .......... .......... .......... .......... .......... 16%  388M 1s
 24200K .......... .......... .......... .......... .......... 16%  494M 1s
 24250K .......... .......... .......... .......... .......... 16%  489M 1s
 24300K .......... .......... .......... .......... .......... 16%  493M 1s
 24350K .......... .......... .......... .......... .......... 16%  307M 1s
 24400K .......... .......... .......... .......... .......... 16%  449M 1s
 24450K .......... .......... .......... .......... .......... 16%  430M 1s
 24500K .......... .......... .......... .......... .......... 16%  487M 1s
 24550K .......... .......... .......... .......... .......... 16%  436M 1s
 24600K .......... .......... .......... .......... .......... 16%  373M 1s
 24650K .......... .......... .......... .......... .......... 16%  412M 1s
 24700K .......... .......... .......... .......... .......... 16%  473M 1s
 24750K .......... .......... .......... .......... .......... 16%  296M 1s
 24800K .......... .......... .......... .......... .......... 16%  492M 1s
 24850K .......... .......... .......... .......... .......... 16%  495M 1s
 24900K .......... .......... .......... .......... .......... 16%  390M 1s
 24950K .......... .......... .......... .......... .......... 16%  442M 1s
 25000K .......... .......... .......... .......... .......... 16%  487M 1s
 25050K .......... .......... .......... .......... .......... 16%  449M 1s
 25100K .......... .......... .......... .......... .......... 16%  469M 1s
 25150K .......... .......... .......... .......... .......... 16%  333M 1s
 25200K .......... .......... .......... .......... .......... 16%  432M 1s
 25250K .......... .......... .......... .......... .......... 16%  471M 1s
 25300K .......... .......... .......... .......... .......... 16%  433M 1s
 25350K .......... .......... .......... .......... .......... 16%  457M 1s
 25400K .......... .......... .......... .......... .......... 16%  415M 1s
 25450K .......... .......... .......... .......... .......... 16%  448M 1s
 25500K .......... .......... .......... .......... .......... 16%  465M 1s
 25550K .......... .......... .......... .......... .......... 16%  376M 1s
 25600K .......... .......... .......... .......... .......... 17%  437M 1s
 25650K .......... .......... .......... .......... .......... 17%  499M 1s
 25700K .......... .......... .......... .......... .......... 17%  489M 1s
 25750K .......... .......... .......... .......... .......... 17%  489M 1s
 25800K .......... .......... .......... .......... .......... 17%  488M 1s
 25850K .......... .......... .......... .......... .......... 17%  452M 1s
 25900K .......... .......... .......... .......... .......... 17%  468M 1s
 25950K .......... .......... .......... .......... .......... 17%  370M 1s
 26000K .......... .......... .......... .......... .......... 17%  477M 1s
 26050K .......... .......... .......... .......... .......... 17%  475M 1s
 26100K .......... .......... .......... .......... .......... 17%  355M 1s
 26150K .......... .......... .......... .......... .......... 17%  455M 1s
 26200K .......... .......... .......... .......... .......... 17%  484M 1s
 26250K .......... .......... .......... .......... .......... 17%  368M 1s
 26300K .......... .......... .......... .......... .......... 17%  446M 1s
 26350K .......... .......... .......... .......... .......... 17%  344M 1s
 26400K .......... .......... .......... .......... .......... 17%  498M 1s
 26450K .......... .......... .......... .......... .......... 17%  501M 1s
 26500K .......... .......... .......... .......... .......... 17%  428M 1s
 26550K .......... .......... .......... .......... .......... 17%  454M 1s
 26600K .......... .......... .......... .......... .......... 17%  437M 1s
 26650K .......... .......... .......... .......... .......... 17%  408M 1s
 26700K .......... .......... .......... .......... .......... 17%  443M 1s
 26750K .......... .......... .......... .......... .......... 17%  296M 1s
 26800K .......... .......... .......... .......... .......... 17%  428M 1s
 26850K .......... .......... .......... .......... .......... 17%  467M 1s
 26900K .......... .......... .......... .......... .......... 17%  397M 1s
 26950K .......... .......... .......... .......... .......... 17%  488M 1s
 27000K .......... .......... .......... .......... .......... 17%  453M 1s
 27050K .......... .......... .......... .......... .......... 17%  434M 1s
 27100K .......... .......... .......... .......... .......... 17%  482M 1s
 27150K .......... .......... .......... .......... .......... 18%  357M 1s
 27200K .......... .......... .......... .......... .......... 18%  478M 1s
 27250K .......... .......... .......... .......... .......... 18%  414M 1s
 27300K .......... .......... .......... .......... .......... 18%  465M 1s
 27350K .......... .......... .......... .......... .......... 18%  491M 1s
 27400K .......... .......... .......... .......... .......... 18%  492M 1s
 27450K .......... .......... .......... .......... .......... 18%  461M 1s
 27500K .......... .......... .......... .......... .......... 18%  402M 1s
 27550K .......... .......... .......... .......... .......... 18%  360M 1s
 27600K .......... .......... .......... .......... .......... 18%  434M 1s
 27650K .......... .......... .......... .......... .......... 18%  462M 1s
 27700K .......... .......... .......... .......... .......... 18%  498M 1s
 27750K .......... .......... .......... .......... .......... 18%  391M 1s
 27800K .......... .......... .......... .......... .......... 18%  445M 1s
 27850K .......... .......... .......... .......... .......... 18%  437M 1s
 27900K .......... .......... .......... .......... .......... 18%  492M 1s
 27950K .......... .......... .......... .......... .......... 18%  329M 1s
 28000K .......... .......... .......... .......... .......... 18%  473M 1s
 28050K .......... .......... .......... .......... .......... 18%  429M 1s
 28100K .......... .......... .......... .......... .......... 18%  394M 1s
 28150K .......... .......... .......... .......... .......... 18%  423M 1s
 28200K .......... .......... .......... .......... .......... 18%  477M 1s
 28250K .......... .......... .......... .......... .......... 18%  486M 1s
 28300K .......... .......... .......... .......... .......... 18%  438M 1s
 28350K .......... .......... .......... .......... .......... 18%  333M 1s
 28400K .......... .......... .......... .......... .......... 18%  446M 1s
 28450K .......... .......... .......... .......... .......... 18%  406M 1s
 28500K .......... .......... .......... .......... .......... 18%  383M 1s
 28550K .......... .......... .......... .......... .......... 18%  445M 1s
 28600K .......... .......... .......... .......... .......... 18%  476M 1s
 28650K .......... .......... .......... .......... .......... 19%  409M 1s
 28700K .......... .......... .......... .......... .......... 19%  473M 1s
 28750K .......... .......... .......... .......... .......... 19%  215M 1s
 28800K .......... .......... .......... .......... .......... 19%  463M 1s
 28850K .......... .......... .......... .......... .......... 19%  462M 1s
 28900K .......... .......... .......... .......... .......... 19%  366M 1s
 28950K .......... .......... .......... .......... .......... 19%  466M 1s
 29000K .......... .......... .......... .......... .......... 19%  465M 1s
 29050K .......... .......... .......... .......... .......... 19%  409M 1s
 29100K .......... .......... .......... .......... .......... 19%  484M 1s
 29150K .......... .......... .......... .......... .......... 19%  338M 1s
 29200K .......... .......... .......... .......... .......... 19%  419M 1s
 29250K .......... .......... .......... .......... .......... 19%  494M 1s
 29300K .......... .......... .......... .......... .......... 19%  428M 1s
 29350K .......... .......... .......... .......... .......... 19%  426M 1s
 29400K .......... .......... .......... .......... .......... 19%  501M 1s
 29450K .......... .......... .......... .......... .......... 19%  490M 1s
 29500K .......... .......... .......... .......... .......... 19%  376M 1s
 29550K .......... .......... .......... .......... .......... 19%  347M 1s
 29600K .......... .......... .......... .......... .......... 19%  369M 1s
 29650K .......... .......... .......... .......... .......... 19%  424M 1s
 29700K .......... .......... .......... .......... .......... 19%  467M 1s
 29750K .......... .......... .......... .......... .......... 19%  383M 1s
 29800K .......... .......... .......... .......... .......... 19%  486M 1s
 29850K .......... .......... .......... .......... .......... 19%  487M 1s
 29900K .......... .......... .......... .......... .......... 19%  497M 1s
 29950K .......... .......... .......... .......... .......... 19%  366M 1s
 30000K .......... .......... .......... .......... .......... 19%  508M 1s
 30050K .......... .......... .......... .......... .......... 19%  307M 1s
 30100K .......... .......... .......... .......... .......... 19%  444M 1s
 30150K .......... .......... .......... .......... .......... 20%  282M 1s
 30200K .......... .......... .......... .......... .......... 20% 98.2M 1s
 30250K .......... .......... .......... .......... .......... 20% 72.3M 1s
 30300K .......... .......... .......... .......... .......... 20% 80.0M 1s
 30350K .......... .......... .......... .......... .......... 20%  119M 1s
 30400K .......... .......... .......... .......... .......... 20%  484M 1s
 30450K .......... .......... .......... .......... .......... 20%  484M 1s
 30500K .......... .......... .......... .......... .......... 20%  366M 1s
 30550K .......... .......... .......... .......... .......... 20%  383M 1s
 30600K .......... .......... .......... .......... .......... 20%  429M 1s
 30650K .......... .......... .......... .......... .......... 20%  441M 1s
 30700K .......... .......... .......... .......... .......... 20%  169M 1s
 30750K .......... .......... .......... .......... .......... 20% 62.0M 1s
 30800K .......... .......... .......... .......... .......... 20%  307M 1s
 30850K .......... .......... .......... .......... .......... 20%  371M 1s
 30900K .......... .......... .......... .......... .......... 20%  369M 1s
 30950K .......... .......... .......... .......... .......... 20%  430M 1s
 31000K .......... .......... .......... .......... .......... 20%  419M 1s
 31050K .......... .......... .......... .......... .......... 20%  497M 1s
 31100K .......... .......... .......... .......... .......... 20%  429M 1s
 31150K .......... .......... .......... .......... .......... 20%  300M 1s
 31200K .......... .......... .......... .......... .......... 20%  439M 1s
 31250K .......... .......... .......... .......... .......... 20%  462M 1s
 31300K .......... .......... .......... .......... .......... 20%  402M 1s
 31350K .......... .......... .......... .......... .......... 20%  282M 1s
 31400K .......... .......... .......... .......... .......... 20%  394M 1s
 31450K .......... .......... .......... .......... .......... 20%  355M 1s
 31500K .......... .......... .......... .......... .......... 20%  388M 1s
 31550K .......... .......... .......... .......... .......... 20%  256M 1s
 31600K .......... .......... .......... .......... .......... 20%  457M 1s
 31650K .......... .......... .......... .......... .......... 21%  381M 1s
 31700K .......... .......... .......... .......... .......... 21%  428M 1s
 31750K .......... .......... .......... .......... .......... 21%  406M 1s
 31800K .......... .......... .......... .......... .......... 21%  484M 1s
 31850K .......... .......... .......... .......... .......... 21%  504M 1s
 31900K .......... .......... .......... .......... .......... 21%  504M 1s
 31950K .......... .......... .......... .......... .......... 21%  272M 1s
 32000K .......... .......... .......... .......... .......... 21%  396M 1s
 32050K .......... .......... .......... .......... .......... 21%  465M 1s
 32100K .......... .......... .......... .......... .......... 21%  472M 1s
 32150K .......... .......... .......... .......... .......... 21%  484M 1s
 32200K .......... .......... .......... .......... .......... 21%  479M 1s
 32250K .......... .......... .......... .......... .......... 21%  232M 1s
 32300K .......... .......... .......... .......... .......... 21% 80.9M 1s
 32350K .......... .......... .......... .......... .......... 21%  148M 1s
 32400K .......... .......... .......... .......... .......... 21%  366M 1s
 32450K .......... .......... .......... .......... .......... 21%  422M 1s
 32500K .......... .......... .......... .......... .......... 21%  105M 1s
 32550K .......... .......... .......... .......... .......... 21% 98.8M 1s
 32600K .......... .......... .......... .......... .......... 21%  377M 1s
 32650K .......... .......... .......... .......... .......... 21%  417M 1s
 32700K .......... .......... .......... .......... .......... 21%  445M 1s
 32750K .......... .......... .......... .......... .......... 21%  360M 1s
 32800K .......... .......... .......... .......... .......... 21%  341M 1s
 32850K .......... .......... .......... .......... .......... 21%  425M 1s
 32900K .......... .......... .......... .......... .......... 21%  489M 1s
 32950K .......... .......... .......... .......... .......... 21%  485M 1s
 33000K .......... .......... .......... .......... .......... 21%  493M 1s
 33050K .......... .......... .......... .......... .......... 21%  103M 1s
 33100K .......... .......... .......... .......... .......... 21% 73.3M 1s
 33150K .......... .......... .......... .......... .......... 22%  102M 1s
 33200K .......... .......... .......... .......... .......... 22%  365M 1s
 33250K .......... .......... .......... .......... .......... 22%  404M 1s
 33300K .......... .......... .......... .......... .......... 22%  447M 1s
 33350K .......... .......... .......... .......... .......... 22%  409M 1s
 33400K .......... .......... .......... .......... .......... 22%  378M 1s
 33450K .......... .......... .......... .......... .......... 22%  402M 1s
 33500K .......... .......... .......... .......... .......... 22%  425M 1s
 33550K .......... .......... .......... .......... .......... 22%  345M 1s
 33600K .......... .......... .......... .......... .......... 22%  437M 1s
 33650K .......... .......... .......... .......... .......... 22%  449M 1s
 33700K .......... .......... .......... .......... .......... 22%  465M 1s
 33750K .......... .......... .......... .......... .......... 22%  451M 1s
 33800K .......... .......... .......... .......... .......... 22%  404M 1s
 33850K .......... .......... .......... .......... .......... 22%  493M 1s
 33900K .......... .......... .......... .......... .......... 22%  497M 1s
 33950K .......... .......... .......... .......... .......... 22%  357M 1s
 34000K .......... .......... .......... .......... .......... 22%  476M 1s
 34050K .......... .......... .......... .......... .......... 22%  459M 1s
 34100K .......... .......... .......... .......... .......... 22%  473M 1s
 34150K .......... .......... .......... .......... .......... 22%  463M 1s
 34200K .......... .......... .......... .......... .......... 22%  338M 1s
 34250K .......... .......... .......... .......... .......... 22%  387M 1s
 34300K .......... .......... .......... .......... .......... 22%  381M 1s
 34350K .......... .......... .......... .......... .......... 22%  363M 1s
 34400K .......... .......... .......... .......... .......... 22%  406M 1s
 34450K .......... .......... .......... .......... .......... 22%  382M 1s
 34500K .......... .......... .......... .......... .......... 22%  480M 1s
 34550K .......... .......... .......... .......... .......... 22%  429M 1s
 34600K .......... .......... .......... .......... .......... 22%  352M 1s
 34650K .......... .......... .......... .......... .......... 23%  353M 1s
 34700K .......... .......... .......... .......... .......... 23%  390M 1s
 34750K .......... .......... .......... .......... .......... 23%  299M 1s
 34800K .......... .......... .......... .......... .......... 23%  456M 1s
 34850K .......... .......... .......... .......... .......... 23%  488M 1s
 34900K .......... .......... .......... .......... .......... 23%  347M 1s
 34950K .......... .......... .......... .......... .......... 23%  422M 1s
 35000K .......... .......... .......... .......... .......... 23%  455M 1s
 35050K .......... .......... .......... .......... .......... 23%  464M 1s
 35100K .......... .......... .......... .......... .......... 23%  504M 1s
 35150K .......... .......... .......... .......... .......... 23%  338M 1s
 35200K .......... .......... .......... .......... .......... 23%  359M 1s
 35250K .......... .......... .......... .......... .......... 23%  440M 1s
 35300K .......... .......... .......... .......... .......... 23%  388M 1s
 35350K .......... .......... .......... .......... .......... 23%  362M 1s
 35400K .......... .......... .......... .......... .......... 23%  461M 1s
 35450K .......... .......... .......... .......... .......... 23%  334M 1s
 35500K .......... .......... .......... .......... .......... 23%  420M 1s
 35550K .......... .......... .......... .......... .......... 23%  302M 1s
 35600K .......... .......... .......... .......... .......... 23%  463M 1s
 35650K .......... .......... .......... .......... .......... 23%  435M 1s
 35700K .......... .......... .......... .......... .......... 23%  419M 1s
 35750K .......... .......... .......... .......... .......... 23%  355M 1s
 35800K .......... .......... .......... .......... .......... 23%  402M 1s
 35850K .......... .......... .......... .......... .......... 23%  379M 1s
 35900K .......... .......... .......... .......... .......... 23%  380M 1s
 35950K .......... .......... .......... .......... .......... 23%  320M 1s
 36000K .......... .......... .......... .......... .......... 23%  409M 1s
 36050K .......... .......... .......... .......... .......... 23%  469M 1s
 36100K .......... .......... .......... .......... .......... 23%  408M 1s
 36150K .......... .......... .......... .......... .......... 23%  429M 1s
 36200K .......... .......... .......... .......... .......... 24%  485M 1s
 36250K .......... .......... .......... .......... .......... 24%  368M 1s
 36300K .......... .......... .......... .......... .......... 24%  417M 1s
 36350K .......... .......... .......... .......... .......... 24%  312M 1s
 36400K .......... .......... .......... .......... .......... 24%  448M 1s
 36450K .......... .......... .......... .......... .......... 24%  407M 1s
 36500K .......... .......... .......... .......... .......... 24%  447M 1s
 36550K .......... .......... .......... .......... .......... 24%  370M 1s
 36600K .......... .......... .......... .......... .......... 24%  316M 1s
 36650K .......... .......... .......... .......... .......... 24%  373M 1s
 36700K .......... .......... .......... .......... .......... 24%  482M 1s
 36750K .......... .......... .......... .......... .......... 24%  365M 1s
 36800K .......... .......... .......... .......... .......... 24%  444M 1s
 36850K .......... .......... .......... .......... .......... 24%  476M 1s
 36900K .......... .......... .......... .......... .......... 24%  369M 1s
 36950K .......... .......... .......... .......... .......... 24%  419M 1s
 37000K .......... .......... .......... .......... .......... 24%  405M 1s
 37050K .......... .......... .......... .......... .......... 24%  406M 1s
 37100K .......... .......... .......... .......... .......... 24%  378M 1s
 37150K .......... .......... .......... .......... .......... 24%  259M 1s
 37200K .......... .......... .......... .......... .......... 24%  350M 1s
 37250K .......... .......... .......... .......... .......... 24%  451M 1s
 37300K .......... .......... .......... .......... .......... 24%  449M 1s
 37350K .......... .......... .......... .......... .......... 24%  387M 1s
 37400K .......... .......... .......... .......... .......... 24%  470M 1s
 37450K .......... .......... .......... .......... .......... 24%  378M 1s
 37500K .......... .......... .......... .......... .......... 24%  417M 1s
 37550K .......... .......... .......... .......... .......... 24%  373M 1s
 37600K .......... .......... .......... .......... .......... 24%  373M 1s
 37650K .......... .......... .......... .......... .......... 24%  452M 1s
 37700K .......... .......... .......... .......... .......... 25%  424M 1s
 37750K .......... .......... .......... .......... .......... 25%  374M 1s
 37800K .......... .......... .......... .......... .......... 25%  380M 1s
 37850K .......... .......... .......... .......... .......... 25%  278M 1s
 37900K .......... .......... .......... .......... .......... 25%  410M 1s
 37950K .......... .......... .......... .......... .......... 25%  353M 1s
 38000K .......... .......... .......... .......... .......... 25%  396M 1s
 38050K .......... .......... .......... .......... .......... 25%  373M 1s
 38100K .......... .......... .......... .......... .......... 25%  418M 1s
 38150K .......... .......... .......... .......... .......... 25%  476M 1s
 38200K .......... .......... .......... .......... .......... 25%  377M 1s
 38250K .......... .......... .......... .......... .......... 25%  422M 1s
 38300K .......... .......... .......... .......... .......... 25%  137M 1s
 38350K .......... .......... .......... .......... .......... 25% 84.4M 1s
 38400K .......... .......... .......... .......... .......... 25%  397M 1s
 38450K .......... .......... .......... .......... .......... 25%  403M 1s
 38500K .......... .......... .......... .......... .......... 25%  103M 1s
 38550K .......... .......... .......... .......... .......... 25% 75.4M 1s
 38600K .......... .......... .......... .......... .......... 25%  322M 1s
 38650K .......... .......... .......... .......... .......... 25%  353M 1s
 38700K .......... .......... .......... .......... .......... 25%  447M 1s
 38750K .......... .......... .......... .......... .......... 25%  363M 1s
 38800K .......... .......... .......... .......... .......... 25%  122M 1s
 38850K .......... .......... .......... .......... .......... 25% 71.0M 1s
 38900K .......... .......... .......... .......... .......... 25%  150M 1s
 38950K .......... .......... .......... .......... .......... 25%  463M 1s
 39000K .......... .......... .......... .......... .......... 25%  386M 1s
 39050K .......... .......... .......... .......... .......... 25%  403M 1s
 39100K .......... .......... .......... .......... .......... 25%  432M 1s
 39150K .......... .......... .......... .......... .......... 25%  342M 1s
 39200K .......... .......... .......... .......... .......... 26%  399M 1s
 39250K .......... .......... .......... .......... .......... 26%  383M 1s
 39300K .......... .......... .......... .......... .......... 26%  454M 1s
 39350K .......... .......... .......... .......... .......... 26%  486M 1s
 39400K .......... .......... .......... .......... .......... 26%  441M 1s
 39450K .......... .......... .......... .......... .......... 26%  402M 1s
 39500K .......... .......... .......... .......... .......... 26%  430M 1s
 39550K .......... .......... .......... .......... .......... 26% 62.2M 1s
 39600K .......... .......... .......... .......... .......... 26%  350M 1s
 39650K .......... .......... .......... .......... .......... 26%  364M 1s
 39700K .......... .......... .......... .......... .......... 26%  436M 1s
 39750K .......... .......... .......... .......... .......... 26%  369M 1s
 39800K .......... .......... .......... .......... .......... 26%  365M 1s
 39850K .......... .......... .......... .......... .......... 26%  444M 1s
 39900K .......... .......... .......... .......... .......... 26%  392M 1s
 39950K .......... .......... .......... .......... .......... 26%  337M 1s
 40000K .......... .......... .......... .......... .......... 26%  432M 1s
 40050K .......... .......... .......... .......... .......... 26%  443M 1s
 40100K .......... .......... .......... .......... .......... 26%  370M 1s
 40150K .......... .......... .......... .......... .......... 26%  403M 1s
 40200K .......... .......... .......... .......... .......... 26%  413M 1s
 40250K .......... .......... .......... .......... .......... 26%  362M 1s
 40300K .......... .......... .......... .......... .......... 26%  476M 1s
 40350K .......... .......... .......... .......... .......... 26%  314M 1s
 40400K .......... .......... .......... .......... .......... 26%  353M 1s
 40450K .......... .......... .......... .......... .......... 26%  368M 1s
 40500K .......... .......... .......... .......... .......... 26%  406M 1s
 40550K .......... .......... .......... .......... .......... 26%  431M 1s
 40600K .......... .......... .......... .......... .......... 26%  408M 1s
 40650K .......... .......... .......... .......... .......... 26%  419M 1s
 40700K .......... .......... .......... .......... .......... 27%  439M 1s
 40750K .......... .......... .......... .......... .......... 27%  300M 1s
 40800K .......... .......... .......... .......... .......... 27%  168M 1s
 40850K .......... .......... .......... .......... .......... 27% 75.4M 1s
 40900K .......... .......... .......... .......... .......... 27% 60.6M 1s
 40950K .......... .......... .......... .......... .......... 27% 83.3M 1s
 41000K .......... .......... .......... .......... .......... 27% 85.0M 1s
 41050K .......... .......... .......... .......... .......... 27%  202M 1s
 41100K .......... .......... .......... .......... .......... 27%  421M 1s
 41150K .......... .......... .......... .......... .......... 27%  344M 1s
 41200K .......... .......... .......... .......... .......... 27%  406M 1s
 41250K .......... .......... .......... .......... .......... 27%  340M 1s
 41300K .......... .......... .......... .......... .......... 27%  360M 1s
 41350K .......... .......... .......... .......... .......... 27%  323M 1s
 41400K .......... .......... .......... .......... .......... 27% 80.9M 1s
 41450K .......... .......... .......... .......... .......... 27%  115M 1s
 41500K .......... .......... .......... .......... .......... 27%  336M 1s
 41550K .......... .......... .......... .......... .......... 27%  307M 1s
 41600K .......... .......... .......... .......... .......... 27%  485M 1s
 41650K .......... .......... .......... .......... .......... 27%  441M 1s
 41700K .......... .......... .......... .......... .......... 27%  495M 1s
 41750K .......... .......... .......... .......... .......... 27%  495M 1s
 41800K .......... .......... .......... .......... .......... 27%  503M 1s
 41850K .......... .......... .......... .......... .......... 27%  391M 1s
 41900K .......... .......... .......... .......... .......... 27%  467M 1s
 41950K .......... .......... .......... .......... .......... 27%  318M 1s
 42000K .......... .......... .......... .......... .......... 27%  358M 1s
 42050K .......... .......... .......... .......... .......... 27%  410M 1s
 42100K .......... .......... .......... .......... .......... 27%  353M 1s
 42150K .......... .......... .......... .......... .......... 27%  447M 1s
 42200K .......... .......... .......... .......... .......... 28%  455M 1s
 42250K .......... .......... .......... .......... .......... 28%  416M 1s
 42300K .......... .......... .......... .......... .......... 28%  426M 1s
 42350K .......... .......... .......... .......... .......... 28%  372M 1s
 42400K .......... .......... .......... .......... .......... 28%  425M 1s
 42450K .......... .......... .......... .......... .......... 28%  498M 1s
 42500K .......... .......... .......... .......... .......... 28%  426M 1s
 42550K .......... .......... .......... .......... .......... 28%  435M 1s
 42600K .......... .......... .......... .......... .......... 28%  433M 1s
 42650K .......... .......... .......... .......... .......... 28%  485M 1s
 42700K .......... .......... .......... .......... .......... 28%  483M 1s
 42750K .......... .......... .......... .......... .......... 28%  286M 1s
 42800K .......... .......... .......... .......... .......... 28%  398M 1s
 42850K .......... .......... .......... .......... .......... 28%  422M 1s
 42900K .......... .......... .......... .......... .......... 28%  353M 1s
 42950K .......... .......... .......... .......... .......... 28%  378M 1s
 43000K .......... .......... .......... .......... .......... 28%  365M 1s
 43050K .......... .......... .......... .......... .......... 28%  370M 1s
 43100K .......... .......... .......... .......... .......... 28%  360M 1s
 43150K .......... .......... .......... .......... .......... 28%  318M 1s
 43200K .......... .......... .......... .......... .......... 28%  370M 1s
 43250K .......... .......... .......... .......... .......... 28%  356M 1s
 43300K .......... .......... .......... .......... .......... 28%  409M 1s
 43350K .......... .......... .......... .......... .......... 28%  371M 1s
 43400K .......... .......... .......... .......... .......... 28%  289M 1s
 43450K .......... .......... .......... .......... .......... 28%  395M 1s
 43500K .......... .......... .......... .......... .......... 28%  461M 1s
 43550K .......... .......... .......... .......... .......... 28%  345M 1s
 43600K .......... .......... .......... .......... .......... 28%  395M 1s
 43650K .......... .......... .......... .......... .......... 28%  301M 1s
 43700K .......... .......... .......... .......... .......... 28%  361M 1s
 43750K .......... .......... .......... .......... .......... 29%  428M 1s
 43800K .......... .......... .......... .......... .......... 29%  342M 1s
 43850K .......... .......... .......... .......... .......... 29%  409M 1s
 43900K .......... .......... .......... .......... .......... 29%  386M 1s
 43950K .......... .......... .......... .......... .......... 29%  344M 1s
 44000K .......... .......... .......... .......... .......... 29%  474M 1s
 44050K .......... .......... .......... .......... .......... 29%  368M 1s
 44100K .......... .......... .......... .......... .......... 29%  377M 1s
 44150K .......... .......... .......... .......... .......... 29%  407M 1s
 44200K .......... .......... .......... .......... .......... 29%  398M 1s
 44250K .......... .......... .......... .......... .......... 29%  348M 1s
 44300K .......... .......... .......... .......... .......... 29%  413M 1s
 44350K .......... .......... .......... .......... .......... 29%  353M 1s
 44400K .......... .......... .......... .......... .......... 29%  273M 1s
 44450K .......... .......... .......... .......... .......... 29%  351M 1s
 44500K .......... .......... .......... .......... .......... 29%  362M 1s
 44550K .......... .......... .......... .......... .......... 29%  482M 1s
 44600K .......... .......... .......... .......... .......... 29%  450M 1s
 44650K .......... .......... .......... .......... .......... 29%  424M 1s
 44700K .......... .......... .......... .......... .......... 29%  440M 1s
 44750K .......... .......... .......... .......... .......... 29%  300M 1s
 44800K .......... .......... .......... .......... .......... 29%  401M 1s
 44850K .......... .......... .......... .......... .......... 29%  472M 1s
 44900K .......... .......... .......... .......... .......... 29%  501M 1s
 44950K .......... .......... .......... .......... .......... 29%  364M 1s
 45000K .......... .......... .......... .......... .......... 29%  452M 1s
 45050K .......... .......... .......... .......... .......... 29%  478M 1s
 45100K .......... .......... .......... .......... .......... 29%  335M 1s
 45150K .......... .......... .......... .......... .......... 29%  354M 1s
 45200K .......... .......... .......... .......... .......... 29%  464M 1s
 45250K .......... .......... .......... .......... .......... 30%  298M 1s
 45300K .......... .......... .......... .......... .......... 30%  315M 1s
 45350K .......... .......... .......... .......... .......... 30%  337M 1s
 45400K .......... .......... .......... .......... .......... 30%  488M 1s
 45450K .......... .......... .......... .......... .......... 30%  504M 1s
 45500K .......... .......... .......... .......... .......... 30%  481M 1s
 45550K .......... .......... .......... .......... .......... 30%  373M 1s
 45600K .......... .......... .......... .......... .......... 30%  490M 1s
 45650K .......... .......... .......... .......... .......... 30%  344M 1s
 45700K .......... .......... .......... .......... .......... 30%  398M 1s
 45750K .......... .......... .......... .......... .......... 30%  452M 1s
 45800K .......... .......... .......... .......... .......... 30%  410M 1s
 45850K .......... .......... .......... .......... .......... 30%  453M 1s
 45900K .......... .......... .......... .......... .......... 30%  473M 1s
 45950K .......... .......... .......... .......... .......... 30%  354M 1s
 46000K .......... .......... .......... .......... .......... 30%  337M 1s
 46050K .......... .......... .......... .......... .......... 30%  424M 1s
 46100K .......... .......... .......... .......... .......... 30%  442M 1s
 46150K .......... .......... .......... .......... .......... 30%  380M 1s
 46200K .......... .......... .......... .......... .......... 30%  476M 1s
 46250K .......... .......... .......... .......... .......... 30%  505M 1s
 46300K .......... .......... .......... .......... .......... 30%  363M 1s
 46350K .......... .......... .......... .......... .......... 30%  289M 1s
 46400K .......... .......... .......... .......... .......... 30%  344M 1s
 46450K .......... .......... .......... .......... .......... 30%  375M 1s
 46500K .......... .......... .......... .......... .......... 30%  337M 1s
 46550K .......... .......... .......... .......... .......... 30%  389M 1s
 46600K .......... .......... .......... .......... .......... 30%  461M 1s
 46650K .......... .......... .......... .......... .......... 30%  486M 1s
 46700K .......... .......... .......... .......... .......... 30%  494M 1s
 46750K .......... .......... .......... .......... .......... 31%  276M 1s
 46800K .......... .......... .......... .......... .......... 31%  352M 1s
 46850K .......... .......... .......... .......... .......... 31%  318M 1s
 46900K .......... .......... .......... .......... .......... 31%  456M 1s
 46950K .......... .......... .......... .......... .......... 31%  486M 1s
 47000K .......... .......... .......... .......... .......... 31%  490M 1s
 47050K .......... .......... .......... .......... .......... 31%  485M 1s
 47100K .......... .......... .......... .......... .......... 31%  467M 1s
 47150K .......... .......... .......... .......... .......... 31%  289M 1s
 47200K .......... .......... .......... .......... .......... 31%  383M 1s
 47250K .......... .......... .......... .......... .......... 31%  331M 1s
 47300K .......... .......... .......... .......... .......... 31%  364M 1s
 47350K .......... .......... .......... .......... .......... 31%  416M 1s
 47400K .......... .......... .......... .......... .......... 31%  491M 1s
 47450K .......... .......... .......... .......... .......... 31%  395M 1s
 47500K .......... .......... .......... .......... .......... 31%  242M 1s
 47550K .......... .......... .......... .......... .......... 31%  281M 1s
 47600K .......... .......... .......... .......... .......... 31% 40.3M 1s
 47650K .......... .......... .......... .......... .......... 31%  331M 1s
 47700K .......... .......... .......... .......... .......... 31%  438M 1s
 47750K .......... .......... .......... .......... .......... 31%  414M 1s
 47800K .......... .......... .......... .......... .......... 31%  401M 1s
 47850K .......... .......... .......... .......... .......... 31%  329M 1s
 47900K .......... .......... .......... .......... .......... 31% 59.0M 1s
 47950K .......... .......... .......... .......... .......... 31%  300M 1s
 48000K .......... .......... .......... .......... .......... 31%  477M 1s
 48050K .......... .......... .......... .......... .......... 31%  383M 1s
 48100K .......... .......... .......... .......... .......... 31%  381M 1s
 48150K .......... .......... .......... .......... .......... 31%  356M 1s
 48200K .......... .......... .......... .......... .......... 31%  359M 1s
 48250K .......... .......... .......... .......... .......... 32%  227M 1s
 48300K .......... .......... .......... .......... .......... 32%  201M 1s
 48350K .......... .......... .......... .......... .......... 32% 58.0M 1s
 48400K .......... .......... .......... .......... .......... 32% 77.5M 1s
 48450K .......... .......... .......... .......... .......... 32%  412M 1s
 48500K .......... .......... .......... .......... .......... 32%  471M 1s
 48550K .......... .......... .......... .......... .......... 32%  468M 1s
 48600K .......... .......... .......... .......... .......... 32%  358M 1s
 48650K .......... .......... .......... .......... .......... 32%  374M 1s
 48700K .......... .......... .......... .......... .......... 32%  124M 1s
 48750K .......... .......... .......... .......... .......... 32% 79.0M 1s
 48800K .......... .......... .......... .......... .......... 32%  397M 1s
 48850K .......... .......... .......... .......... .......... 32%  465M 1s
 48900K .......... .......... .......... .......... .......... 32%  399M 1s
 48950K .......... .......... .......... .......... .......... 32%  412M 1s
 49000K .......... .......... .......... .......... .......... 32%  350M 1s
 49050K .......... .......... .......... .......... .......... 32%  340M 1s
 49100K .......... .......... .......... .......... .......... 32%  465M 1s
 49150K .......... .......... .......... .......... .......... 32%  367M 1s
 49200K .......... .......... .......... .......... .......... 32%  185M 1s
 49250K .......... .......... .......... .......... .......... 32% 93.4M 1s
 49300K .......... .......... .......... .......... .......... 32% 32.7M 1s
 49350K .......... .......... .......... .......... .......... 32%  401M 1s
 49400K .......... .......... .......... .......... .......... 32%  435M 1s
 49450K .......... .......... .......... .......... .......... 32%  417M 1s
 49500K .......... .......... .......... .......... .......... 32%  470M 1s
 49550K .......... .......... .......... .......... .......... 32%  349M 1s
 49600K .......... .......... .......... .......... .......... 32%  467M 1s
 49650K .......... .......... .......... .......... .......... 32%  302M 1s
 49700K .......... .......... .......... .......... .......... 32%  321M 1s
 49750K .......... .......... .......... .......... .......... 33%  375M 1s
 49800K .......... .......... .......... .......... .......... 33%  346M 1s
 49850K .......... .......... .......... .......... .......... 33%  480M 1s
 49900K .......... .......... .......... .......... .......... 33%  483M 1s
 49950K .......... .......... .......... .......... .......... 33%  374M 1s
 50000K .......... .......... .......... .......... .......... 33%  485M 1s
 50050K .......... .......... .......... .......... .......... 33% 50.9M 1s
 50100K .......... .......... .......... .......... .......... 33% 45.5M 1s
 50150K .......... .......... .......... .......... .......... 33%  368M 1s
 50200K .......... .......... .......... .......... .......... 33%  472M 1s
 50250K .......... .......... .......... .......... .......... 33%  463M 1s
 50300K .......... .......... .......... .......... .......... 33%  463M 1s
 50350K .......... .......... .......... .......... .......... 33%  359M 1s
 50400K .......... .......... .......... .......... .......... 33%  422M 1s
 50450K .......... .......... .......... .......... .......... 33%  360M 1s
 50500K .......... .......... .......... .......... .......... 33%  421M 1s
 50550K .......... .......... .......... .......... .......... 33%  267M 1s
 50600K .......... .......... .......... .......... .......... 33%  409M 1s
 50650K .......... .......... .......... .......... .......... 33%  483M 1s
 50700K .......... .......... .......... .......... .......... 33%  473M 1s
 50750K .......... .......... .......... .......... .......... 33%  364M 1s
 50800K .......... .......... .......... .......... .......... 33%  500M 1s
 50850K .......... .......... .......... .......... .......... 33%  483M 1s
 50900K .......... .......... .......... .......... .......... 33%  466M 1s
 50950K .......... .......... .......... .......... .......... 33%  475M 1s
 51000K .......... .......... .......... .......... .......... 33%  354M 1s
 51050K .......... .......... .......... .......... .......... 33%  346M 1s
 51100K .......... .......... .......... .......... .......... 33%  373M 1s
 51150K .......... .......... .......... .......... .......... 33%  329M 1s
 51200K .......... .......... .......... .......... .......... 33%  412M 1s
 51250K .......... .......... .......... .......... .......... 34%  313M 1s
 51300K .......... .......... .......... .......... .......... 34%  238M 1s
 51350K .......... .......... .......... .......... .......... 34%  364M 1s
 51400K .......... .......... .......... .......... .......... 34%  470M 1s
 51450K .......... .......... .......... .......... .......... 34%  475M 1s
 51500K .......... .......... .......... .......... .......... 34%  366M 1s
 51550K .......... .......... .......... .......... .......... 34% 53.0M 1s
 51600K .......... .......... .......... .......... .......... 34% 27.5M 1s
 51650K .......... .......... .......... .......... .......... 34%  438M 1s
 51700K .......... .......... .......... .......... .......... 34%  481M 1s
 51750K .......... .......... .......... .......... .......... 34%  412M 1s
 51800K .......... .......... .......... .......... .......... 34%  367M 1s
 51850K .......... .......... .......... .......... .......... 34%  354M 1s
 51900K .......... .......... .......... .......... .......... 34%  331M 1s
 51950K .......... .......... .......... .......... .......... 34% 72.9M 1s
 52000K .......... .......... .......... .......... .......... 34% 86.3M 1s
 52050K .......... .......... .......... .......... .......... 34% 96.2M 1s
 52100K .......... .......... .......... .......... .......... 34%  137M 1s
 52150K .......... .......... .......... .......... .......... 34%  434M 1s
 52200K .......... .......... .......... .......... .......... 34%  464M 1s
 52250K .......... .......... .......... .......... .......... 34%  465M 1s
 52300K .......... .......... .......... .......... .......... 34%  456M 1s
 52350K .......... .......... .......... .......... .......... 34%  289M 1s
 52400K .......... .......... .......... .......... .......... 34%  369M 1s
 52450K .......... .......... .......... .......... .......... 34%  342M 1s
 52500K .......... .......... .......... .......... .......... 34%  403M 1s
 52550K .......... .......... .......... .......... .......... 34%  423M 1s
 52600K .......... .......... .......... .......... .......... 34%  373M 1s
 52650K .......... .......... .......... .......... .......... 34%  333M 1s
 52700K .......... .......... .......... .......... .......... 34%  447M 1s
 52750K .......... .......... .......... .......... .......... 34%  346M 1s
 52800K .......... .......... .......... .......... .......... 35%  449M 1s
 52850K .......... .......... .......... .......... .......... 35%  379M 1s
 52900K .......... .......... .......... .......... .......... 35%  341M 1s
 52950K .......... .......... .......... .......... .......... 35%  385M 1s
 53000K .......... .......... .......... .......... .......... 35%  421M 1s
 53050K .......... .......... .......... .......... .......... 35%  403M 1s
 53100K .......... .......... .......... .......... .......... 35%  487M 1s
 53150K .......... .......... .......... .......... .......... 35% 37.5M 1s
 53200K .......... .......... .......... .......... .......... 35%  413M 1s
 53250K .......... .......... .......... .......... .......... 35%  411M 1s
 53300K .......... .......... .......... .......... .......... 35%  483M 1s
 53350K .......... .......... .......... .......... .......... 35%  448M 1s
 53400K .......... .......... .......... .......... .......... 35%  476M 1s
 53450K .......... .......... .......... .......... .......... 35%  477M 1s
 53500K .......... .......... .......... .......... .......... 35%  466M 1s
 53550K .......... .......... .......... .......... .......... 35%  361M 1s
 53600K .......... .......... .......... .......... .......... 35%  376M 1s
 53650K .......... .......... .......... .......... .......... 35%  447M 1s
 53700K .......... .......... .......... .......... .......... 35%  332M 1s
 53750K .......... .......... .......... .......... .......... 35%  362M 1s
 53800K .......... .......... .......... .......... .......... 35% 55.5M 1s
 53850K .......... .......... .......... .......... .......... 35%  143M 1s
 53900K .......... .......... .......... .......... .......... 35%  403M 1s
 53950K .......... .......... .......... .......... .......... 35%  277M 1s
 54000K .......... .......... .......... .......... .......... 35%  350M 1s
 54050K .......... .......... .......... .......... .......... 35%  462M 1s
 54100K .......... .......... .......... .......... .......... 35%  351M 1s
 54150K .......... .......... .......... .......... .......... 35%  416M 1s
 54200K .......... .......... .......... .......... .......... 35%  466M 1s
 54250K .......... .......... .......... .......... .......... 35%  461M 1s
 54300K .......... .......... .......... .......... .......... 36%  477M 1s
 54350K .......... .......... .......... .......... .......... 36%  372M 1s
 54400K .......... .......... .......... .......... .......... 36%  484M 1s
 54450K .......... .......... .......... .......... .......... 36%  421M 1s
 54500K .......... .......... .......... .......... .......... 36% 61.5M 1s
 54550K .......... .......... .......... .......... .......... 36% 82.0M 1s
 54600K .......... .......... .......... .......... .......... 36% 88.1M 1s
 54650K .......... .......... .......... .......... .......... 36% 81.1M 1s
 54700K .......... .......... .......... .......... .......... 36% 28.5M 1s
 54750K .......... .......... .......... .......... .......... 36%  325M 1s
 54800K .......... .......... .......... .......... .......... 36%  441M 1s
 54850K .......... .......... .......... .......... .......... 36%  364M 1s
 54900K .......... .......... .......... .......... .......... 36%  487M 1s
 54950K .......... .......... .......... .......... .......... 36%  494M 1s
 55000K .......... .......... .......... .......... .......... 36%  480M 1s
 55050K .......... .......... .......... .......... .......... 36%  489M 1s
 55100K .......... .......... .......... .......... .......... 36% 71.0M 1s
 55150K .......... .......... .......... .......... .......... 36% 39.9M 1s
 55200K .......... .......... .......... .......... .......... 36% 77.2M 1s
 55250K .......... .......... .......... .......... .......... 36% 77.4M 1s
 55300K .......... .......... .......... .......... .......... 36% 82.9M 1s
 55350K .......... .......... .......... .......... .......... 36%  450M 1s
 55400K .......... .......... .......... .......... .......... 36%  462M 1s
 55450K .......... .......... .......... .......... .......... 36%  351M 1s
 55500K .......... .......... .......... .......... .......... 36%  467M 1s
 55550K .......... .......... .......... .......... .......... 36%  364M 1s
 55600K .......... .......... .......... .......... .......... 36%  501M 1s
 55650K .......... .......... .......... .......... .......... 36%  486M 1s
 55700K .......... .......... .......... .......... .......... 36%  489M 1s
 55750K .......... .......... .......... .......... .......... 36%  508M 1s
 55800K .......... .......... .......... .......... .......... 37%  491M 1s
 55850K .......... .......... .......... .......... .......... 37%  400M 1s
 55900K .......... .......... .......... .......... .......... 37%  400M 1s
 55950K .......... .......... .......... .......... .......... 37%  291M 1s
 56000K .......... .......... .......... .......... .......... 37%  420M 1s
 56050K .......... .......... .......... .......... .......... 37%  383M 1s
 56100K .......... .......... .......... .......... .......... 37%  437M 1s
 56150K .......... .......... .......... .......... .......... 37%  434M 1s
 56200K .......... .......... .......... .......... .......... 37% 24.4M 1s
 56250K .......... .......... .......... .......... .......... 37%  329M 1s
 56300K .......... .......... .......... .......... .......... 37%  402M 1s
 56350K .......... .......... .......... .......... .......... 37%  317M 1s
 56400K .......... .......... .......... .......... .......... 37%  414M 1s
 56450K .......... .......... .......... .......... .......... 37%  317M 1s
 56500K .......... .......... .......... .......... .......... 37%  461M 1s
 56550K .......... .......... .......... .......... .......... 37%  410M 1s
 56600K .......... .......... .......... .......... .......... 37%  473M 1s
 56650K .......... .......... .......... .......... .......... 37%  478M 1s
 56700K .......... .......... .......... .......... .......... 37%  467M 1s
 56750K .......... .......... .......... .......... .......... 37%  320M 1s
 56800K .......... .......... .......... .......... .......... 37%  479M 1s
 56850K .......... .......... .......... .......... .......... 37%  495M 1s
 56900K .......... .......... .......... .......... .......... 37%  461M 1s
 56950K .......... .......... .......... .......... .......... 37%  405M 1s
 57000K .......... .......... .......... .......... .......... 37%  451M 1s
 57050K .......... .......... .......... .......... .......... 37%  491M 1s
 57100K .......... .......... .......... .......... .......... 37%  495M 1s
 57150K .......... .......... .......... .......... .......... 37%  374M 1s
 57200K .......... .......... .......... .......... .......... 37% 42.3M 1s
 57250K .......... .......... .......... .......... .......... 37% 86.6M 1s
 57300K .......... .......... .......... .......... .......... 38% 33.1M 1s
 57350K .......... .......... .......... .......... .......... 38%  456M 1s
 57400K .......... .......... .......... .......... .......... 38%  453M 1s
 57450K .......... .......... .......... .......... .......... 38%  396M 1s
 57500K .......... .......... .......... .......... .......... 38%  491M 1s
 57550K .......... .......... .......... .......... .......... 38%  322M 1s
 57600K .......... .......... .......... .......... .......... 38%  489M 1s
 57650K .......... .......... .......... .......... .......... 38%  500M 1s
 57700K .......... .......... .......... .......... .......... 38% 66.8M 1s
 57750K .......... .......... .......... .......... .......... 38% 53.8M 1s
 57800K .......... .......... .......... .......... .......... 38% 74.2M 1s
 57850K .......... .......... .......... .......... .......... 38% 85.5M 1s
 57900K .......... .......... .......... .......... .......... 38% 67.0M 1s
 57950K .......... .......... .......... .......... .......... 38%  294M 1s
 58000K .......... .......... .......... .......... .......... 38%  449M 1s
 58050K .......... .......... .......... .......... .......... 38%  467M 1s
 58100K .......... .......... .......... .......... .......... 38%  364M 1s
 58150K .......... .......... .......... .......... .......... 38% 91.1M 1s
 58200K .......... .......... .......... .......... .......... 38% 92.6M 1s
 58250K .......... .......... .......... .......... .......... 38%  432M 1s
 58300K .......... .......... .......... .......... .......... 38%  485M 1s
 58350K .......... .......... .......... .......... .......... 38%  285M 1s
 58400K .......... .......... .......... .......... .......... 38%  472M 1s
 58450K .......... .......... .......... .......... .......... 38%  499M 1s
 58500K .......... .......... .......... .......... .......... 38%  480M 1s
 58550K .......... .......... .......... .......... .......... 38%  466M 1s
 58600K .......... .......... .......... .......... .......... 38%  473M 1s
 58650K .......... .......... .......... .......... .......... 38% 87.4M 1s
 58700K .......... .......... .......... .......... .......... 38% 84.4M 1s
 58750K .......... .......... .......... .......... .......... 38% 37.2M 1s
 58800K .......... .......... .......... .......... .......... 39%  442M 1s
 58850K .......... .......... .......... .......... .......... 39%  493M 1s
 58900K .......... .......... .......... .......... .......... 39%  376M 1s
 58950K .......... .......... .......... .......... .......... 39%  396M 1s
 59000K .......... .......... .......... .......... .......... 39%  399M 1s
 59050K .......... .......... .......... .......... .......... 39%  425M 1s
 59100K .......... .......... .......... .......... .......... 39%  491M 1s
 59150K .......... .......... .......... .......... .......... 39% 55.0M 1s
 59200K .......... .......... .......... .......... .......... 39%  470M 1s
 59250K .......... .......... .......... .......... .......... 39%  475M 1s
 59300K .......... .......... .......... .......... .......... 39%  479M 1s
 59350K .......... .......... .......... .......... .......... 39%  467M 1s
 59400K .......... .......... .......... .......... .......... 39%  420M 1s
 59450K .......... .......... .......... .......... .......... 39%  378M 1s
 59500K .......... .......... .......... .......... .......... 39%  456M 1s
 59550K .......... .......... .......... .......... .......... 39%  134M 1s
 59600K .......... .......... .......... .......... .......... 39% 92.9M 1s
 59650K .......... .......... .......... .......... .......... 39% 70.7M 1s
 59700K .......... .......... .......... .......... .......... 39%  393M 1s
 59750K .......... .......... .......... .......... .......... 39%  373M 1s
 59800K .......... .......... .......... .......... .......... 39%  478M 1s
 59850K .......... .......... .......... .......... .......... 39%  383M 1s
 59900K .......... .......... .......... .......... .......... 39%  364M 1s
 59950K .......... .......... .......... .......... .......... 39%  352M 1s
 60000K .......... .......... .......... .......... .......... 39%  336M 1s
 60050K .......... .......... .......... .......... .......... 39%  369M 1s
 60100K .......... .......... .......... .......... .......... 39%  452M 1s
 60150K .......... .......... .......... .......... .......... 39%  478M 1s
 60200K .......... .......... .......... .......... .......... 39%  483M 1s
 60250K .......... .......... .......... .......... .......... 39%  479M 1s
 60300K .......... .......... .......... .......... .......... 40% 39.9M 1s
 60350K .......... .......... .......... .......... .......... 40% 66.9M 1s
 60400K .......... .......... .......... .......... .......... 40% 25.9M 1s
 60450K .......... .......... .......... .......... .......... 40%  374M 1s
 60500K .......... .......... .......... .......... .......... 40%  316M 1s
 60550K .......... .......... .......... .......... .......... 40%  403M 1s
 60600K .......... .......... .......... .......... .......... 40%  462M 1s
 60650K .......... .......... .......... .......... .......... 40%  446M 1s
 60700K .......... .......... .......... .......... .......... 40%  488M 1s
 60750K .......... .......... .......... .......... .......... 40%  292M 1s
 60800K .......... .......... .......... .......... .......... 40%  414M 1s
 60850K .......... .......... .......... .......... .......... 40%  483M 1s
 60900K .......... .......... .......... .......... .......... 40%  498M 1s
 60950K .......... .......... .......... .......... .......... 40% 65.8M 1s
 61000K .......... .......... .......... .......... .......... 40% 76.9M 1s
 61050K .......... .......... .......... .......... .......... 40% 84.0M 1s
 61100K .......... .......... .......... .......... .......... 40% 92.8M 1s
 61150K .......... .......... .......... .......... .......... 40% 71.3M 1s
 61200K .......... .......... .......... .......... .......... 40%  342M 1s
 61250K .......... .......... .......... .......... .......... 40%  462M 1s
 61300K .......... .......... .......... .......... .......... 40%  451M 1s
 61350K .......... .......... .......... .......... .......... 40%  455M 1s
 61400K .......... .......... .......... .......... .......... 40%  402M 1s
 61450K .......... .......... .......... .......... .......... 40%  461M 1s
 61500K .......... .......... .......... .......... .......... 40% 36.4M 1s
 61550K .......... .......... .......... .......... .......... 40%  299M 1s
 61600K .......... .......... .......... .......... .......... 40%  475M 1s
 61650K .......... .......... .......... .......... .......... 40%  486M 1s
 61700K .......... .......... .......... .......... .......... 40%  493M 1s
 61750K .......... .......... .......... .......... .......... 40%  483M 1s
 61800K .......... .......... .......... .......... .......... 40%  476M 1s
 61850K .......... .......... .......... .......... .......... 41%  457M 1s
 61900K .......... .......... .......... .......... .......... 41%  378M 1s
 61950K .......... .......... .......... .......... .......... 41% 27.5M 1s
 62000K .......... .......... .......... .......... .......... 41% 80.2M 1s
 62050K .......... .......... .......... .......... .......... 41% 39.5M 1s
 62100K .......... .......... .......... .......... .......... 41%  338M 1s
 62150K .......... .......... .......... .......... .......... 41%  466M 1s
 62200K .......... .......... .......... .......... .......... 41%  392M 1s
 62250K .......... .......... .......... .......... .......... 41% 32.9M 1s
 62300K .......... .......... .......... .......... .......... 41%  455M 1s
 62350K .......... .......... .......... .......... .......... 41%  311M 1s
 62400K .......... .......... .......... .......... .......... 41%  409M 1s
 62450K .......... .......... .......... .......... .......... 41%  321M 1s
 62500K .......... .......... .......... .......... .......... 41%  363M 1s
 62550K .......... .......... .......... .......... .......... 41%  397M 1s
 62600K .......... .......... .......... .......... .......... 41%  369M 1s
 62650K .......... .......... .......... .......... .......... 41%  415M 1s
 62700K .......... .......... .......... .......... .......... 41%  460M 1s
 62750K .......... .......... .......... .......... .......... 41%  299M 1s
 62800K .......... .......... .......... .......... .......... 41% 30.6M 1s
 62850K .......... .......... .......... .......... .......... 41%  246M 1s
 62900K .......... .......... .......... .......... .......... 41%  483M 1s
 62950K .......... .......... .......... .......... .......... 41%  439M 1s
 63000K .......... .......... .......... .......... .......... 41%  420M 1s
 63050K .......... .......... .......... .......... .......... 41% 83.2M 1s
 63100K .......... .......... .......... .......... .......... 41% 48.6M 1s
 63150K .......... .......... .......... .......... .......... 41% 62.7M 1s
 63200K .......... .......... .......... .......... .......... 41% 90.6M 1s
 63250K .......... .......... .......... .......... .......... 41%  367M 1s
 63300K .......... .......... .......... .......... .......... 41%  449M 1s
 63350K .......... .......... .......... .......... .......... 42%  494M 1s
 63400K .......... .......... .......... .......... .......... 42%  407M 1s
 63450K .......... .......... .......... .......... .......... 42%  368M 1s
 63500K .......... .......... .......... .......... .......... 42%  436M 1s
 63550K .......... .......... .......... .......... .......... 42%  344M 1s
 63600K .......... .......... .......... .......... .......... 42%  459M 1s
 63650K .......... .......... .......... .......... .......... 42%  452M 1s
 63700K .......... .......... .......... .......... .......... 42% 76.1M 1s
 63750K .......... .......... .......... .......... .......... 42% 81.1M 1s
 63800K .......... .......... .......... .......... .......... 42% 28.0M 1s
 63850K .......... .......... .......... .......... .......... 42%  235M 1s
 63900K .......... .......... .......... .......... .......... 42% 86.6M 1s
 63950K .......... .......... .......... .......... .......... 42% 50.7M 1s
 64000K .......... .......... .......... .......... .......... 42%  267M 1s
 64050K .......... .......... .......... .......... .......... 42%  491M 1s
 64100K .......... .......... .......... .......... .......... 42%  128M 1s
 64150K .......... .......... .......... .......... .......... 42%  206M 1s
 64200K .......... .......... .......... .......... .......... 42%  481M 1s
 64250K .......... .......... .......... .......... .......... 42%  347M 1s
 64300K .......... .......... .......... .......... .......... 42%  445M 1s
 64350K .......... .......... .......... .......... .......... 42%  268M 1s
 64400K .......... .......... .......... .......... .......... 42%  375M 1s
 64450K .......... .......... .......... .......... .......... 42% 71.5M 1s
 64500K .......... .......... .......... .......... .......... 42% 73.2M 1s
 64550K .......... .......... .......... .......... .......... 42%  338M 1s
 64600K .......... .......... .......... .......... .......... 42%  477M 1s
 64650K .......... .......... .......... .......... .......... 42%  481M 1s
 64700K .......... .......... .......... .......... .......... 42%  420M 1s
 64750K .......... .......... .......... .......... .......... 42%  350M 1s
 64800K .......... .......... .......... .......... .......... 42%  460M 1s
 64850K .......... .......... .......... .......... .......... 43%  430M 1s
 64900K .......... .......... .......... .......... .......... 43%  458M 1s
 64950K .......... .......... .......... .......... .......... 43%  461M 1s
 65000K .......... .......... .......... .......... .......... 43%  336M 1s
 65050K .......... .......... .......... .......... .......... 43%  426M 1s
 65100K .......... .......... .......... .......... .......... 43%  507M 1s
 65150K .......... .......... .......... .......... .......... 43%  117M 1s
 65200K .......... .......... .......... .......... .......... 43%  483M 1s
 65250K .......... .......... .......... .......... .......... 43%  490M 1s
 65300K .......... .......... .......... .......... .......... 43%  452M 1s
 65350K .......... .......... .......... .......... .......... 43%  437M 1s
 65400K .......... .......... .......... .......... .......... 43%  479M 1s
 65450K .......... .......... .......... .......... .......... 43%  429M 1s
 65500K .......... .......... .......... .......... .......... 43%  457M 1s
 65550K .......... .......... .......... .......... .......... 43%  265M 1s
 65600K .......... .......... .......... .......... .......... 43%  379M 1s
 65650K .......... .......... .......... .......... .......... 43%  412M 1s
 65700K .......... .......... .......... .......... .......... 43%  441M 1s
 65750K .......... .......... .......... .......... .......... 43%  452M 1s
 65800K .......... .......... .......... .......... .......... 43%  440M 1s
 65850K .......... .......... .......... .......... .......... 43% 22.2M 1s
 65900K .......... .......... .......... .......... .......... 43% 76.6M 1s
 65950K .......... .......... .......... .......... .......... 43% 61.7M 1s
 66000K .......... .......... .......... .......... .......... 43% 74.5M 1s
 66050K .......... .......... .......... .......... .......... 43% 57.9M 1s
 66100K .......... .......... .......... .......... .......... 43%  411M 1s
 66150K .......... .......... .......... .......... .......... 43%  387M 1s
 66200K .......... .......... .......... .......... .......... 43%  362M 1s
 66250K .......... .......... .......... .......... .......... 43%  381M 1s
 66300K .......... .......... .......... .......... .......... 43%  444M 1s
 66350K .......... .......... .......... .......... .......... 44%  337M 1s
 66400K .......... .......... .......... .......... .......... 44%  494M 1s
 66450K .......... .......... .......... .......... .......... 44%  366M 1s
 66500K .......... .......... .......... .......... .......... 44% 89.9M 1s
 66550K .......... .......... .......... .......... .......... 44% 28.0M 1s
 66600K .......... .......... .......... .......... .......... 44% 42.6M 1s
 66650K .......... .......... .......... .......... .......... 44%  344M 1s
 66700K .......... .......... .......... .......... .......... 44%  488M 1s
 66750K .......... .......... .......... .......... .......... 44%  334M 1s
 66800K .......... .......... .......... .......... .......... 44%  467M 1s
 66850K .......... .......... .......... .......... .......... 44%  108M 1s
 66900K .......... .......... .......... .......... .......... 44% 92.0M 1s
 66950K .......... .......... .......... .......... .......... 44% 47.0M 1s
 67000K .......... .......... .......... .......... .......... 44%  401M 1s
 67050K .......... .......... .......... .......... .......... 44%  470M 1s
 67100K .......... .......... .......... .......... .......... 44%  481M 1s
 67150K .......... .......... .......... .......... .......... 44%  372M 1s
 67200K .......... .......... .......... .......... .......... 44%  467M 1s
 67250K .......... .......... .......... .......... .......... 44%  411M 1s
 67300K .......... .......... .......... .......... .......... 44%  352M 1s
 67350K .......... .......... .......... .......... .......... 44%  401M 1s
 67400K .......... .......... .......... .......... .......... 44%  116M 1s
 67450K .......... .......... .......... .......... .......... 44% 85.9M 1s
 67500K .......... .......... .......... .......... .......... 44% 96.8M 1s
 67550K .......... .......... .......... .......... .......... 44% 72.7M 1s
 67600K .......... .......... .......... .......... .......... 44%  108M 1s
 67650K .......... .......... .......... .......... .......... 44%  241M 1s
 67700K .......... .......... .......... .......... .......... 44%  465M 1s
 67750K .......... .......... .......... .......... .......... 44%  488M 1s
 67800K .......... .......... .......... .......... .......... 44%  401M 1s
 67850K .......... .......... .......... .......... .......... 45%  354M 1s
 67900K .......... .......... .......... .......... .......... 45%  458M 1s
 67950K .......... .......... .......... .......... .......... 45%  326M 1s
 68000K .......... .......... .......... .......... .......... 45%  459M 1s
 68050K .......... .......... .......... .......... .......... 45%  457M 1s
 68100K .......... .......... .......... .......... .......... 45%  486M 1s
 68150K .......... .......... .......... .......... .......... 45%  491M 1s
 68200K .......... .......... .......... .......... .......... 45%  412M 1s
 68250K .......... .......... .......... .......... .......... 45%  426M 1s
 68300K .......... .......... .......... .......... .......... 45%  490M 1s
 68350K .......... .......... .......... .......... .......... 45%  362M 1s
 68400K .......... .......... .......... .......... .......... 45%  500M 1s
 68450K .......... .......... .......... .......... .......... 45%  413M 1s
 68500K .......... .......... .......... .......... .......... 45%  483M 1s
 68550K .......... .......... .......... .......... .......... 45%  458M 1s
 68600K .......... .......... .......... .......... .......... 45%  467M 1s
 68650K .......... .......... .......... .......... .......... 45%  464M 1s
 68700K .......... .......... .......... .......... .......... 45%  404M 1s
 68750K .......... .......... .......... .......... .......... 45%  349M 1s
 68800K .......... .......... .......... .......... .......... 45%  476M 1s
 68850K .......... .......... .......... .......... .......... 45%  381M 1s
 68900K .......... .......... .......... .......... .......... 45% 56.3M 1s
 68950K .......... .......... .......... .......... .......... 45%  455M 1s
 69000K .......... .......... .......... .......... .......... 45%  498M 1s
 69050K .......... .......... .......... .......... .......... 45%  490M 1s
 69100K .......... .......... .......... .......... .......... 45%  485M 1s
 69150K .......... .......... .......... .......... .......... 45%  271M 1s
 69200K .......... .......... .......... .......... .......... 45%  306M 1s
 69250K .......... .......... .......... .......... .......... 45%  396M 1s
 69300K .......... .......... .......... .......... .......... 45%  419M 1s
 69350K .......... .......... .......... .......... .......... 46%  391M 1s
 69400K .......... .......... .......... .......... .......... 46%  435M 1s
 69450K .......... .......... .......... .......... .......... 46%  486M 1s
 69500K .......... .......... .......... .......... .......... 46%  496M 1s
 69550K .......... .......... .......... .......... .......... 46%  367M 1s
 69600K .......... .......... .......... .......... .......... 46%  485M 1s
 69650K .......... .......... .......... .......... .......... 46% 20.2M 1s
 69700K .......... .......... .......... .......... .......... 46%  339M 1s
 69750K .......... .......... .......... .......... .......... 46%  483M 1s
 69800K .......... .......... .......... .......... .......... 46%  478M 1s
 69850K .......... .......... .......... .......... .......... 46%  460M 1s
 69900K .......... .......... .......... .......... .......... 46%  431M 1s
 69950K .......... .......... .......... .......... .......... 46%  314M 1s
 70000K .......... .......... .......... .......... .......... 46%  341M 1s
 70050K .......... .......... .......... .......... .......... 46%  354M 1s
 70100K .......... .......... .......... .......... .......... 46%  399M 1s
 70150K .......... .......... .......... .......... .......... 46%  456M 1s
 70200K .......... .......... .......... .......... .......... 46%  480M 1s
 70250K .......... .......... .......... .......... .......... 46%  485M 1s
 70300K .......... .......... .......... .......... .......... 46%  490M 1s
 70350K .......... .......... .......... .......... .......... 46% 21.7M 1s
 70400K .......... .......... .......... .......... .......... 46%  433M 1s
 70450K .......... .......... .......... .......... .......... 46%  447M 1s
 70500K .......... .......... .......... .......... .......... 46%  420M 1s
 70550K .......... .......... .......... .......... .......... 46%  468M 1s
 70600K .......... .......... .......... .......... .......... 46%  399M 1s
 70650K .......... .......... .......... .......... .......... 46%  487M 1s
 70700K .......... .......... .......... .......... .......... 46%  468M 1s
 70750K .......... .......... .......... .......... .......... 46%  322M 1s
 70800K .......... .......... .......... .......... .......... 46%  491M 1s
 70850K .......... .......... .......... .......... .......... 46%  489M 1s
 70900K .......... .......... .......... .......... .......... 47%  497M 1s
 70950K .......... .......... .......... .......... .......... 47%  489M 1s
 71000K .......... .......... .......... .......... .......... 47%  460M 1s
 71050K .......... .......... .......... .......... .......... 47%  466M 1s
 71100K .......... .......... .......... .......... .......... 47%  454M 1s
 71150K .......... .......... .......... .......... .......... 47%  350M 1s
 71200K .......... .......... .......... .......... .......... 47% 28.2M 1s
 71250K .......... .......... .......... .......... .......... 47% 79.0M 1s
 71300K .......... .......... .......... .......... .......... 47% 48.4M 1s
 71350K .......... .......... .......... .......... .......... 47% 28.5M 1s
 71400K .......... .......... .......... .......... .......... 47% 77.6M 1s
 71450K .......... .......... .......... .......... .......... 47% 89.0M 1s
 71500K .......... .......... .......... .......... .......... 47% 82.8M 1s
 71550K .......... .......... .......... .......... .......... 47% 51.4M 1s
 71600K .......... .......... .......... .......... .......... 47% 80.0M 1s
 71650K .......... .......... .......... .......... .......... 47% 80.6M 1s
 71700K .......... .......... .......... .......... .......... 47%  346M 1s
 71750K .......... .......... .......... .......... .......... 47%  441M 1s
 71800K .......... .......... .......... .......... .......... 47%  493M 1s
 71850K .......... .......... .......... .......... .......... 47%  483M 1s
 71900K .......... .......... .......... .......... .......... 47%  490M 1s
 71950K .......... .......... .......... .......... .......... 47%  340M 1s
 72000K .......... .......... .......... .......... .......... 47%  347M 1s
 72050K .......... .......... .......... .......... .......... 47%  367M 1s
 72100K .......... .......... .......... .......... .......... 47%  388M 1s
 72150K .......... .......... .......... .......... .......... 47%  434M 1s
 72200K .......... .......... .......... .......... .......... 47%  395M 1s
 72250K .......... .......... .......... .......... .......... 47%  452M 1s
 72300K .......... .......... .......... .......... .......... 47%  453M 1s
 72350K .......... .......... .......... .......... .......... 47%  346M 1s
 72400K .......... .......... .......... .......... .......... 48%  487M 1s
 72450K .......... .......... .......... .......... .......... 48%  478M 1s
 72500K .......... .......... .......... .......... .......... 48%  183M 1s
 72550K .......... .......... .......... .......... .......... 48% 87.0M 1s
 72600K .......... .......... .......... .......... .......... 48% 87.2M 1s
 72650K .......... .......... .......... .......... .......... 48% 86.3M 1s
 72700K .......... .......... .......... .......... .......... 48% 29.9M 1s
 72750K .......... .......... .......... .......... .......... 48% 50.9M 1s
 72800K .......... .......... .......... .......... .......... 48% 84.7M 1s
 72850K .......... .......... .......... .......... .......... 48%  245M 1s
 72900K .......... .......... .......... .......... .......... 48% 52.2M 1s
 72950K .......... .......... .......... .......... .......... 48%  414M 1s
 73000K .......... .......... .......... .......... .......... 48%  490M 1s
 73050K .......... .......... .......... .......... .......... 48%  480M 1s
 73100K .......... .......... .......... .......... .......... 48%  385M 0s
 73150K .......... .......... .......... .......... .......... 48%  328M 0s
 73200K .......... .......... .......... .......... .......... 48%  495M 0s
 73250K .......... .......... .......... .......... .......... 48%  490M 0s
 73300K .......... .......... .......... .......... .......... 48%  126M 0s
 73350K .......... .......... .......... .......... .......... 48% 43.2M 0s
 73400K .......... .......... .......... .......... .......... 48% 64.7M 0s
 73450K .......... .......... .......... .......... .......... 48%  389M 0s
 73500K .......... .......... .......... .......... .......... 48%  455M 0s
 73550K .......... .......... .......... .......... .......... 48%  366M 0s
 73600K .......... .......... .......... .......... .......... 48%  483M 0s
 73650K .......... .......... .......... .......... .......... 48%  479M 0s
 73700K .......... .......... .......... .......... .......... 48%  487M 0s
 73750K .......... .......... .......... .......... .......... 48%  482M 0s
 73800K .......... .......... .......... .......... .......... 48% 21.0M 0s
 73850K .......... .......... .......... .......... .......... 48%  379M 0s
 73900K .......... .......... .......... .......... .......... 49%  345M 0s
 73950K .......... .......... .......... .......... .......... 49%  345M 0s
 74000K .......... .......... .......... .......... .......... 49%  477M 0s
 74050K .......... .......... .......... .......... .......... 49%  473M 0s
 74100K .......... .......... .......... .......... .......... 49%  435M 0s
 74150K .......... .......... .......... .......... .......... 49%  384M 0s
 74200K .......... .......... .......... .......... .......... 49%  485M 0s
 74250K .......... .......... .......... .......... .......... 49%  424M 0s
 74300K .......... .......... .......... .......... .......... 49%  441M 0s
 74350K .......... .......... .......... .......... .......... 49%  336M 0s
 74400K .......... .......... .......... .......... .......... 49%  358M 0s
 74450K .......... .......... .......... .......... .......... 49%  375M 0s
 74500K .......... .......... .......... .......... .......... 49% 92.3M 0s
 74550K .......... .......... .......... .......... .......... 49% 80.1M 0s
 74600K .......... .......... .......... .......... .......... 49% 90.9M 0s
 74650K .......... .......... .......... .......... .......... 49% 84.7M 0s
 74700K .......... .......... .......... .......... .......... 49% 83.8M 0s
 74750K .......... .......... .......... .......... .......... 49% 91.7M 0s
 74800K .......... .......... .......... .......... .......... 49%  465M 0s
 74850K .......... .......... .......... .......... .......... 49%  455M 0s
 74900K .......... .......... .......... .......... .......... 49%  447M 0s
 74950K .......... .......... .......... .......... .......... 49%  449M 0s
 75000K .......... .......... .......... .......... .......... 49%  446M 0s
 75050K .......... .......... .......... .......... .......... 49%  388M 0s
 75100K .......... .......... .......... .......... .......... 49%  357M 0s
 75150K .......... .......... .......... .......... .......... 49% 65.3M 0s
 75200K .......... .......... .......... .......... .......... 49% 36.4M 0s
 75250K .......... .......... .......... .......... .......... 49%  442M 0s
 75300K .......... .......... .......... .......... .......... 49%  477M 0s
 75350K .......... .......... .......... .......... .......... 49%  489M 0s
 75400K .......... .......... .......... .......... .......... 50%  390M 0s
 75450K .......... .......... .......... .......... .......... 50%  414M 0s
 75500K .......... .......... .......... .......... .......... 50%  411M 0s
 75550K .......... .......... .......... .......... .......... 50%  343M 0s
 75600K .......... .......... .......... .......... .......... 50% 57.3M 0s
 75650K .......... .......... .......... .......... .......... 50% 50.4M 0s
 75700K .......... .......... .......... .......... .......... 50% 69.8M 0s
 75750K .......... .......... .......... .......... .......... 50%  309M 0s
 75800K .......... .......... .......... .......... .......... 50%  386M 0s
 75850K .......... .......... .......... .......... .......... 50%  461M 0s
 75900K .......... .......... .......... .......... .......... 50%  489M 0s
 75950K .......... .......... .......... .......... .......... 50%  310M 0s
 76000K .......... .......... .......... .......... .......... 50%  490M 0s
 76050K .......... .......... .......... .......... .......... 50%  493M 0s
 76100K .......... .......... .......... .......... .......... 50%  477M 0s
 76150K .......... .......... .......... .......... .......... 50%  453M 0s
 76200K .......... .......... .......... .......... .......... 50%  457M 0s
 76250K .......... .......... .......... .......... .......... 50%  455M 0s
 76300K .......... .......... .......... .......... .......... 50%  459M 0s
 76350K .......... .......... .......... .......... .......... 50%  352M 0s
 76400K .......... .......... .......... .......... .......... 50% 19.0M 0s
 76450K .......... .......... .......... .......... .......... 50% 87.9M 0s
 76500K .......... .......... .......... .......... .......... 50%  475M 0s
 76550K .......... .......... .......... .......... .......... 50%  456M 0s
 76600K .......... .......... .......... .......... .......... 50%  477M 0s
 76650K .......... .......... .......... .......... .......... 50%  481M 0s
 76700K .......... .......... .......... .......... .......... 50%  467M 0s
 76750K .......... .......... .......... .......... .......... 50%  369M 0s
 76800K .......... .......... .......... .......... .......... 50%  476M 0s
 76850K .......... .......... .......... .......... .......... 50%  464M 0s
 76900K .......... .......... .......... .......... .......... 51%  122M 0s
 76950K .......... .......... .......... .......... .......... 51% 92.1M 0s
 77000K .......... .......... .......... .......... .......... 51% 48.2M 0s
 77050K .......... .......... .......... .......... .......... 51%  373M 0s
 77100K .......... .......... .......... .......... .......... 51%  439M 0s
 77150K .......... .......... .......... .......... .......... 51%  350M 0s
 77200K .......... .......... .......... .......... .......... 51%  134M 0s
 77250K .......... .......... .......... .......... .......... 51% 77.2M 0s
 77300K .......... .......... .......... .......... .......... 51% 83.2M 0s
 77350K .......... .......... .......... .......... .......... 51%  138M 0s
 77400K .......... .......... .......... .......... .......... 51%  494M 0s
 77450K .......... .......... .......... .......... .......... 51%  394M 0s
 77500K .......... .......... .......... .......... .......... 51%  488M 0s
 77550K .......... .......... .......... .......... .......... 51%  336M 0s
 77600K .......... .......... .......... .......... .......... 51%  461M 0s
 77650K .......... .......... .......... .......... .......... 51%  414M 0s
 77700K .......... .......... .......... .......... .......... 51%  190M 0s
 77750K .......... .......... .......... .......... .......... 51% 90.3M 0s
 77800K .......... .......... .......... .......... .......... 51% 27.3M 0s
 77850K .......... .......... .......... .......... .......... 51%  374M 0s
 77900K .......... .......... .......... .......... .......... 51%  346M 0s
 77950K .......... .......... .......... .......... .......... 51%  273M 0s
 78000K .......... .......... .......... .......... .......... 51%  353M 0s
 78050K .......... .......... .......... .......... .......... 51%  424M 0s
 78100K .......... .......... .......... .......... .......... 51%  379M 0s
 78150K .......... .......... .......... .......... .......... 51%  455M 0s
 78200K .......... .......... .......... .......... .......... 51% 46.1M 0s
 78250K .......... .......... .......... .......... .......... 51%  440M 0s
 78300K .......... .......... .......... .......... .......... 51%  472M 0s
 78350K .......... .......... .......... .......... .......... 51%  360M 0s
 78400K .......... .......... .......... .......... .......... 52%  442M 0s
 78450K .......... .......... .......... .......... .......... 52% 50.2M 0s
 78500K .......... .......... .......... .......... .......... 52% 73.2M 0s
 78550K .......... .......... .......... .......... .......... 52% 81.9M 0s
 78600K .......... .......... .......... .......... .......... 52%  173M 0s
 78650K .......... .......... .......... .......... .......... 52%  449M 0s
 78700K .......... .......... .......... .......... .......... 52%  483M 0s
 78750K .......... .......... .......... .......... .......... 52%  364M 0s
 78800K .......... .......... .......... .......... .......... 52%  505M 0s
 78850K .......... .......... .......... .......... .......... 52%  393M 0s
 78900K .......... .......... .......... .......... .......... 52%  476M 0s
 78950K .......... .......... .......... .......... .......... 52%  495M 0s
 79000K .......... .......... .......... .......... .......... 52%  477M 0s
 79050K .......... .......... .......... .......... .......... 52%  357M 0s
 79100K .......... .......... .......... .......... .......... 52%  393M 0s
 79150K .......... .......... .......... .......... .......... 52%  270M 0s
 79200K .......... .......... .......... .......... .......... 52%  394M 0s
 79250K .......... .......... .......... .......... .......... 52%  162M 0s
 79300K .......... .......... .......... .......... .......... 52% 82.6M 0s
 79350K .......... .......... .......... .......... .......... 52%  132M 0s
 79400K .......... .......... .......... .......... .......... 52%  463M 0s
 79450K .......... .......... .......... .......... .......... 52%  495M 0s
 79500K .......... .......... .......... .......... .......... 52%  486M 0s
 79550K .......... .......... .......... .......... .......... 52%  278M 0s
 79600K .......... .......... .......... .......... .......... 52%  370M 0s
 79650K .......... .......... .......... .......... .......... 52%  379M 0s
 79700K .......... .......... .......... .......... .......... 52%  342M 0s
 79750K .......... .......... .......... .......... .......... 52%  382M 0s
 79800K .......... .......... .......... .......... .......... 52%  424M 0s
 79850K .......... .......... .......... .......... .......... 52%  413M 0s
 79900K .......... .......... .......... .......... .......... 52%  478M 0s
 79950K .......... .......... .......... .......... .......... 53%  368M 0s
 80000K .......... .......... .......... .......... .......... 53%  475M 0s
 80050K .......... .......... .......... .......... .......... 53%  477M 0s
 80100K .......... .......... .......... .......... .......... 53%  489M 0s
 80150K .......... .......... .......... .......... .......... 53%  413M 0s
 80200K .......... .......... .......... .......... .......... 53%  498M 0s
 80250K .......... .......... .......... .......... .......... 53%  364M 0s
 80300K .......... .......... .......... .......... .......... 53%  350M 0s
 80350K .......... .......... .......... .......... .......... 53%  346M 0s
 80400K .......... .......... .......... .......... .......... 53%  399M 0s
 80450K .......... .......... .......... .......... .......... 53%  380M 0s
 80500K .......... .......... .......... .......... .......... 53%  383M 0s
 80550K .......... .......... .......... .......... .......... 53%  391M 0s
 80600K .......... .......... .......... .......... .......... 53%  386M 0s
 80650K .......... .......... .......... .......... .......... 53%  485M 0s
 80700K .......... .......... .......... .......... .......... 53%  497M 0s
 80750K .......... .......... .......... .......... .......... 53%  368M 0s
 80800K .......... .......... .......... .......... .......... 53%  505M 0s
 80850K .......... .......... .......... .......... .......... 53%  496M 0s
 80900K .......... .......... .......... .......... .......... 53%  485M 0s
 80950K .......... .......... .......... .......... .......... 53%  433M 0s
 81000K .......... .......... .......... .......... .......... 53%  321M 0s
 81050K .......... .......... .......... .......... .......... 53%  455M 0s
 81100K .......... .......... .......... .......... .......... 53%  453M 0s
 81150K .......... .......... .......... .......... .......... 53%  343M 0s
 81200K .......... .......... .......... .......... .......... 53%  461M 0s
 81250K .......... .......... .......... .......... .......... 53%  446M 0s
 81300K .......... .......... .......... .......... .......... 53%  486M 0s
 81350K .......... .......... .......... .......... .......... 53%  490M 0s
 81400K .......... .......... .......... .......... .......... 53%  430M 0s
 81450K .......... .......... .......... .......... .......... 54%  472M 0s
 81500K .......... .......... .......... .......... .......... 54%  489M 0s
 81550K .......... .......... .......... .......... .......... 54%  369M 0s
 81600K .......... .......... .......... .......... .......... 54%  418M 0s
 81650K .......... .......... .......... .......... .......... 54%  472M 0s
 81700K .......... .......... .......... .......... .......... 54%  458M 0s
 81750K .......... .......... .......... .......... .......... 54%  462M 0s
 81800K .......... .......... .......... .......... .......... 54%  343M 0s
 81850K .......... .......... .......... .......... .......... 54%  378M 0s
 81900K .......... .......... .......... .......... .......... 54%  458M 0s
 81950K .......... .......... .......... .......... .......... 54%  336M 0s
 82000K .......... .......... .......... .......... .......... 54%  377M 0s
 82050K .......... .......... .......... .......... .......... 54%  421M 0s
 82100K .......... .......... .......... .......... .......... 54%  459M 0s
 82150K .......... .......... .......... .......... .......... 54%  490M 0s
 82200K .......... .......... .......... .......... .......... 54%  503M 0s
 82250K .......... .......... .......... .......... .......... 54%  481M 0s
 82300K .......... .......... .......... .......... .......... 54%  445M 0s
 82350K .......... .......... .......... .......... .......... 54%  369M 0s
 82400K .......... .......... .......... .......... .......... 54%  383M 0s
 82450K .......... .......... .......... .......... .......... 54%  463M 0s
 82500K .......... .......... .......... .......... .......... 54%  451M 0s
 82550K .......... .......... .......... .......... .......... 54%  346M 0s
 82600K .......... .......... .......... .......... .......... 54% 92.8M 0s
 82650K .......... .......... .......... .......... .......... 54% 86.8M 0s
 82700K .......... .......... .......... .......... .......... 54% 83.3M 0s
 82750K .......... .......... .......... .......... .......... 54% 98.1M 0s
 82800K .......... .......... .......... .......... .......... 54%  389M 0s
 82850K .......... .......... .......... .......... .......... 54%  110M 0s
 82900K .......... .......... .......... .......... .......... 54%  261M 0s
 82950K .......... .......... .......... .......... .......... 55%  417M 0s
 83000K .......... .......... .......... .......... .......... 55%  472M 0s
 83050K .......... .......... .......... .......... .......... 55%  498M 0s
 83100K .......... .......... .......... .......... .......... 55%  190M 0s
 83150K .......... .......... .......... .......... .......... 55%  262M 0s
 83200K .......... .......... .......... .......... .......... 55%  141M 0s
 83250K .......... .......... .......... .......... .......... 55%  263M 0s
 83300K .......... .......... .......... .......... .......... 55%  355M 0s
 83350K .......... .......... .......... .......... .......... 55%  328M 0s
 83400K .......... .......... .......... .......... .......... 55%  411M 0s
 83450K .......... .......... .......... .......... .......... 55%  445M 0s
 83500K .......... .......... .......... .......... .......... 55%  391M 0s
 83550K .......... .......... .......... .......... .......... 55%  324M 0s
 83600K .......... .......... .......... .......... .......... 55%  317M 0s
 83650K .......... .......... .......... .......... .......... 55%  481M 0s
 83700K .......... .......... .......... .......... .......... 55%  383M 0s
 83750K .......... .......... .......... .......... .......... 55%  463M 0s
 83800K .......... .......... .......... .......... .......... 55%  479M 0s
 83850K .......... .......... .......... .......... .......... 55%  451M 0s
 83900K .......... .......... .......... .......... .......... 55%  471M 0s
 83950K .......... .......... .......... .......... .......... 55%  303M 0s
 84000K .......... .......... .......... .......... .......... 55%  403M 0s
 84050K .......... .......... .......... .......... .......... 55%  473M 0s
 84100K .......... .......... .......... .......... .......... 55%  476M 0s
 84150K .......... .......... .......... .......... .......... 55%  352M 0s
 84200K .......... .......... .......... .......... .......... 55%  411M 0s
 84250K .......... .......... .......... .......... .......... 55%  392M 0s
 84300K .......... .......... .......... .......... .......... 55%  435M 0s
 84350K .......... .......... .......... .......... .......... 55%  368M 0s
 84400K .......... .......... .......... .......... .......... 55%  437M 0s
 84450K .......... .......... .......... .......... .......... 56%  385M 0s
 84500K .......... .......... .......... .......... .......... 56%  456M 0s
 84550K .......... .......... .......... .......... .......... 56%  427M 0s
 84600K .......... .......... .......... .......... .......... 56%  465M 0s
 84650K .......... .......... .......... .......... .......... 56%  485M 0s
 84700K .......... .......... .......... .......... .......... 56%  501M 0s
 84750K .......... .......... .......... .......... .......... 56%  302M 0s
 84800K .......... .......... .......... .......... .......... 56%  164M 0s
 84850K .......... .......... .......... .......... .......... 56% 80.8M 0s
 84900K .......... .......... .......... .......... .......... 56%  370M 0s
 84950K .......... .......... .......... .......... .......... 56%  473M 0s
 85000K .......... .......... .......... .......... .......... 56%  502M 0s
 85050K .......... .......... .......... .......... .......... 56%  477M 0s
 85100K .......... .......... .......... .......... .......... 56%  462M 0s
 85150K .......... .......... .......... .......... .......... 56%  322M 0s
 85200K .......... .......... .......... .......... .......... 56%  469M 0s
 85250K .......... .......... .......... .......... .......... 56%  478M 0s
 85300K .......... .......... .......... .......... .......... 56%  355M 0s
 85350K .......... .......... .......... .......... .......... 56%  402M 0s
 85400K .......... .......... .......... .......... .......... 56%  363M 0s
 85450K .......... .......... .......... .......... .......... 56%  441M 0s
 85500K .......... .......... .......... .......... .......... 56%  497M 0s
 85550K .......... .......... .......... .......... .......... 56%  114M 0s
 85600K .......... .......... .......... .......... .......... 56% 89.4M 0s
 85650K .......... .......... .......... .......... .......... 56% 72.7M 0s
 85700K .......... .......... .......... .......... .......... 56% 82.3M 0s
 85750K .......... .......... .......... .......... .......... 56%  256M 0s
 85800K .......... .......... .......... .......... .......... 56%  449M 0s
 85850K .......... .......... .......... .......... .......... 56%  373M 0s
 85900K .......... .......... .......... .......... .......... 56%  280M 0s
 85950K .......... .......... .......... .......... .......... 57%  345M 0s
 86000K .......... .......... .......... .......... .......... 57%  419M 0s
 86050K .......... .......... .......... .......... .......... 57%  489M 0s
 86100K .......... .......... .......... .......... .......... 57%  482M 0s
 86150K .......... .......... .......... .......... .......... 57%  382M 0s
 86200K .......... .......... .......... .......... .......... 57%  435M 0s
 86250K .......... .......... .......... .......... .......... 57%  443M 0s
 86300K .......... .......... .......... .......... .......... 57%  476M 0s
 86350K .......... .......... .......... .......... .......... 57%  288M 0s
 86400K .......... .......... .......... .......... .......... 57% 78.1M 0s
 86450K .......... .......... .......... .......... .......... 57%  118M 0s
 86500K .......... .......... .......... .......... .......... 57%  428M 0s
 86550K .......... .......... .......... .......... .......... 57%  470M 0s
 86600K .......... .......... .......... .......... .......... 57%  482M 0s
 86650K .......... .......... .......... .......... .......... 57%  468M 0s
 86700K .......... .......... .......... .......... .......... 57%  483M 0s
 86750K .......... .......... .......... .......... .......... 57%  377M 0s
 86800K .......... .......... .......... .......... .......... 57%  485M 0s
 86850K .......... .......... .......... .......... .......... 57%  481M 0s
 86900K .......... .......... .......... .......... .......... 57%  379M 0s
 86950K .......... .......... .......... .......... .......... 57%  195M 0s
 87000K .......... .......... .......... .......... .......... 57% 99.2M 0s
 87050K .......... .......... .......... .......... .......... 57% 83.2M 0s
 87100K .......... .......... .......... .......... .......... 57% 74.0M 0s
 87150K .......... .......... .......... .......... .......... 57%  182M 0s
 87200K .......... .......... .......... .......... .......... 57%  419M 0s
 87250K .......... .......... .......... .......... .......... 57%  480M 0s
 87300K .......... .......... .......... .......... .......... 57%  471M 0s
 87350K .......... .......... .......... .......... .......... 57%  493M 0s
 87400K .......... .......... .......... .......... .......... 57%  484M 0s
 87450K .......... .......... .......... .......... .......... 57%  482M 0s
 87500K .......... .......... .......... .......... .......... 58%  487M 0s
 87550K .......... .......... .......... .......... .......... 58%  294M 0s
 87600K .......... .......... .......... .......... .......... 58%  254M 0s
 87650K .......... .......... .......... .......... .......... 58%  423M 0s
 87700K .......... .......... .......... .......... .......... 58%  370M 0s
 87750K .......... .......... .......... .......... .......... 58%  393M 0s
 87800K .......... .......... .......... .......... .......... 58%  370M 0s
 87850K .......... .......... .......... .......... .......... 58%  415M 0s
 87900K .......... .......... .......... .......... .......... 58%  438M 0s
 87950K .......... .......... .......... .......... .......... 58%  289M 0s
 88000K .......... .......... .......... .......... .......... 58%  462M 0s
 88050K .......... .......... .......... .......... .......... 58%  495M 0s
 88100K .......... .......... .......... .......... .......... 58%  481M 0s
 88150K .......... .......... .......... .......... .......... 58%  479M 0s
 88200K .......... .......... .......... .......... .......... 58%  369M 0s
 88250K .......... .......... .......... .......... .......... 58%  427M 0s
 88300K .......... .......... .......... .......... .......... 58%  366M 0s
 88350K .......... .......... .......... .......... .......... 58%  249M 0s
 88400K .......... .......... .......... .......... .......... 58%  449M 0s
 88450K .......... .......... .......... .......... .......... 58%  463M 0s
 88500K .......... .......... .......... .......... .......... 58%  480M 0s
 88550K .......... .......... .......... .......... .......... 58%  414M 0s
 88600K .......... .......... .......... .......... .......... 58%  411M 0s
 88650K .......... .......... .......... .......... .......... 58%  457M 0s
 88700K .......... .......... .......... .......... .......... 58%  378M 0s
 88750K .......... .......... .......... .......... .......... 58%  313M 0s
 88800K .......... .......... .......... .......... .......... 58%  477M 0s
 88850K .......... .......... .......... .......... .......... 58%  502M 0s
 88900K .......... .......... .......... .......... .......... 58%  498M 0s
 88950K .......... .......... .......... .......... .......... 58%  481M 0s
 89000K .......... .......... .......... .......... .......... 59%  502M 0s
 89050K .......... .......... .......... .......... .......... 59%  472M 0s
 89100K .......... .......... .......... .......... .......... 59%  479M 0s
 89150K .......... .......... .......... .......... .......... 59%  267M 0s
 89200K .......... .......... .......... .......... .......... 59%  354M 0s
 89250K .......... .......... .......... .......... .......... 59%  366M 0s
 89300K .......... .......... .......... .......... .......... 59%  432M 0s
 89350K .......... .......... .......... .......... .......... 59%  470M 0s
 89400K .......... .......... .......... .......... .......... 59%  499M 0s
 89450K .......... .......... .......... .......... .......... 59%  493M 0s
 89500K .......... .......... .......... .......... .......... 59%  498M 0s
 89550K .......... .......... .......... .......... .......... 59%  370M 0s
 89600K .......... .......... .......... .......... .......... 59%  488M 0s
 89650K .......... .......... .......... .......... .......... 59%  344M 0s
 89700K .......... .......... .......... .......... .......... 59%  425M 0s
 89750K .......... .......... .......... .......... .......... 59%  501M 0s
 89800K .......... .......... .......... .......... .......... 59%  406M 0s
 89850K .......... .......... .......... .......... .......... 59%  423M 0s
 89900K .......... .......... .......... .......... .......... 59%  494M 0s
 89950K .......... .......... .......... .......... .......... 59%  300M 0s
 90000K .......... .......... .......... .......... .......... 59%  423M 0s
 90050K .......... .......... .......... .......... .......... 59%  294M 0s
 90100K .......... .......... .......... .......... .......... 59%  396M 0s
 90150K .......... .......... .......... .......... .......... 59%  441M 0s
 90200K .......... .......... .......... .......... .......... 59%  468M 0s
 90250K .......... .......... .......... .......... .......... 59%  474M 0s
 90300K .......... .......... .......... .......... .......... 59%  397M 0s
 90350K .......... .......... .......... .......... .......... 59%  352M 0s
 90400K .......... .......... .......... .......... .......... 59%  473M 0s
 90450K .......... .......... .......... .......... .......... 59%  377M 0s
 90500K .......... .......... .......... .......... .......... 60%  409M 0s
 90550K .......... .......... .......... .......... .......... 60%  462M 0s
 90600K .......... .......... .......... .......... .......... 60%  484M 0s
 90650K .......... .......... .......... .......... .......... 60%  484M 0s
 90700K .......... .......... .......... .......... .......... 60%  498M 0s
 90750K .......... .......... .......... .......... .......... 60%  284M 0s
 90800K .......... .......... .......... .......... .......... 60%  421M 0s
 90850K .......... .......... .......... .......... .......... 60%  405M 0s
 90900K .......... .......... .......... .......... .......... 60%  330M 0s
 90950K .......... .......... .......... .......... .......... 60%  139M 0s
 91000K .......... .......... .......... .......... .......... 60%  468M 0s
 91050K .......... .......... .......... .......... .......... 60%  479M 0s
 91100K .......... .......... .......... .......... .......... 60%  385M 0s
 91150K .......... .......... .......... .......... .......... 60%  319M 0s
 91200K .......... .......... .......... .......... .......... 60%  127M 0s
 91250K .......... .......... .......... .......... .......... 60% 87.7M 0s
 91300K .......... .......... .......... .......... .......... 60%  162M 0s
 91350K .......... .......... .......... .......... .......... 60%  388M 0s
 91400K .......... .......... .......... .......... .......... 60%  415M 0s
 91450K .......... .......... .......... .......... .......... 60%  438M 0s
 91500K .......... .......... .......... .......... .......... 60%  455M 0s
 91550K .......... .......... .......... .......... .......... 60%  354M 0s
 91600K .......... .......... .......... .......... .......... 60%  480M 0s
 91650K .......... .......... .......... .......... .......... 60%  352M 0s
 91700K .......... .......... .......... .......... .......... 60% 87.4M 0s
 91750K .......... .......... .......... .......... .......... 60% 75.9M 0s
 91800K .......... .......... .......... .......... .......... 60%  118M 0s
 91850K .......... .......... .......... .......... .......... 60%  488M 0s
 91900K .......... .......... .......... .......... .......... 60%  480M 0s
 91950K .......... .......... .......... .......... .......... 60%  376M 0s
 92000K .......... .......... .......... .......... .......... 61%  432M 0s
 92050K .......... .......... .......... .......... .......... 61%  422M 0s
 92100K .......... .......... .......... .......... .......... 61%  414M 0s
 92150K .......... .......... .......... .......... .......... 61%  418M 0s
 92200K .......... .......... .......... .......... .......... 61%  465M 0s
 92250K .......... .......... .......... .......... .......... 61%  465M 0s
 92300K .......... .......... .......... .......... .......... 61%  375M 0s
 92350K .......... .......... .......... .......... .......... 61%  319M 0s
 92400K .......... .......... .......... .......... .......... 61%  345M 0s
 92450K .......... .......... .......... .......... .......... 61%  410M 0s
 92500K .......... .......... .......... .......... .......... 61%  416M 0s
 92550K .......... .......... .......... .......... .......... 61%  441M 0s
 92600K .......... .......... .......... .......... .......... 61%  488M 0s
 92650K .......... .......... .......... .......... .......... 61%  466M 0s
 92700K .......... .......... .......... .......... .......... 61%  494M 0s
 92750K .......... .......... .......... .......... .......... 61%  333M 0s
 92800K .......... .......... .......... .......... .......... 61%  432M 0s
 92850K .......... .......... .......... .......... .......... 61%  381M 0s
 92900K .......... .......... .......... .......... .......... 61%  427M 0s
 92950K .......... .......... .......... .......... .......... 61%  423M 0s
 93000K .......... .......... .......... .......... .......... 61%  473M 0s
 93050K .......... .......... .......... .......... .......... 61%  417M 0s
 93100K .......... .......... .......... .......... .......... 61%  392M 0s
 93150K .......... .......... .......... .......... .......... 61%  290M 0s
 93200K .......... .......... .......... .......... .......... 61%  433M 0s
 93250K .......... .......... .......... .......... .......... 61%  371M 0s
 93300K .......... .......... .......... .......... .......... 61%  453M 0s
 93350K .......... .......... .......... .......... .......... 61%  439M 0s
 93400K .......... .......... .......... .......... .......... 61%  425M 0s
 93450K .......... .......... .......... .......... .......... 61%  489M 0s
 93500K .......... .......... .......... .......... .......... 62%  187M 0s
 93550K .......... .......... .......... .......... .......... 62%  182M 0s
 93600K .......... .......... .......... .......... .......... 62%  416M 0s
 93650K .......... .......... .......... .......... .......... 62%  428M 0s
 93700K .......... .......... .......... .......... .......... 62%  426M 0s
 93750K .......... .......... .......... .......... .......... 62%  432M 0s
 93800K .......... .......... .......... .......... .......... 62%  405M 0s
 93850K .......... .......... .......... .......... .......... 62%  394M 0s
 93900K .......... .......... .......... .......... .......... 62%  461M 0s
 93950K .......... .......... .......... .......... .......... 62%  297M 0s
 94000K .......... .......... .......... .......... .......... 62% 79.3M 0s
 94050K .......... .......... .......... .......... .......... 62% 72.6M 0s
 94100K .......... .......... .......... .......... .......... 62% 82.1M 0s
 94150K .......... .......... .......... .......... .......... 62%  133M 0s
 94200K .......... .......... .......... .......... .......... 62%  432M 0s
 94250K .......... .......... .......... .......... .......... 62%  418M 0s
 94300K .......... .......... .......... .......... .......... 62%  429M 0s
 94350K .......... .......... .......... .......... .......... 62%  338M 0s
 94400K .......... .......... .......... .......... .......... 62%  409M 0s
 94450K .......... .......... .......... .......... .......... 62%  338M 0s
 94500K .......... .......... .......... .......... .......... 62% 78.8M 0s
 94550K .......... .......... .......... .......... .......... 62% 77.1M 0s
 94600K .......... .......... .......... .......... .......... 62%  135M 0s
 94650K .......... .......... .......... .......... .......... 62%  458M 0s
 94700K .......... .......... .......... .......... .......... 62%  494M 0s
 94750K .......... .......... .......... .......... .......... 62%  337M 0s
 94800K .......... .......... .......... .......... .......... 62%  483M 0s
 94850K .......... .......... .......... .......... .......... 62%  488M 0s
 94900K .......... .......... .......... .......... .......... 62%  417M 0s
 94950K .......... .......... .......... .......... .......... 62%  430M 0s
 95000K .......... .......... .......... .......... .......... 63%  471M 0s
 95050K .......... .......... .......... .......... .......... 63%  491M 0s
 95100K .......... .......... .......... .......... .......... 63%  478M 0s
 95150K .......... .......... .......... .......... .......... 63%  312M 0s
 95200K .......... .......... .......... .......... .......... 63%  207M 0s
 95250K .......... .......... .......... .......... .......... 63% 78.0M 0s
 95300K .......... .......... .......... .......... .......... 63% 87.3M 0s
 95350K .......... .......... .......... .......... .......... 63%  230M 0s
 95400K .......... .......... .......... .......... .......... 63%  443M 0s
 95450K .......... .......... .......... .......... .......... 63%  494M 0s
 95500K .......... .......... .......... .......... .......... 63%  488M 0s
 95550K .......... .......... .......... .......... .......... 63%  376M 0s
 95600K .......... .......... .......... .......... .......... 63%  424M 0s
 95650K .......... .......... .......... .......... .......... 63%  458M 0s
 95700K .......... .......... .......... .......... .......... 63%  488M 0s
 95750K .......... .......... .......... .......... .......... 63%  386M 0s
 95800K .......... .......... .......... .......... .......... 63%  429M 0s
 95850K .......... .......... .......... .......... .......... 63%  414M 0s
 95900K .......... .......... .......... .......... .......... 63%  392M 0s
 95950K .......... .......... .......... .......... .......... 63%  311M 0s
 96000K .......... .......... .......... .......... .......... 63%  373M 0s
 96050K .......... .......... .......... .......... .......... 63%  408M 0s
 96100K .......... .......... .......... .......... .......... 63%  403M 0s
 96150K .......... .......... .......... .......... .......... 63%  443M 0s
 96200K .......... .......... .......... .......... .......... 63%  427M 0s
 96250K .......... .......... .......... .......... .......... 63%  437M 0s
 96300K .......... .......... .......... .......... .......... 63%  457M 0s
 96350K .......... .......... .......... .......... .......... 63%  328M 0s
 96400K .......... .......... .......... .......... .......... 63%  429M 0s
 96450K .......... .......... .......... .......... .......... 63%  464M 0s
 96500K .......... .......... .......... .......... .......... 63%  400M 0s
 96550K .......... .......... .......... .......... .......... 64%  393M 0s
 96600K .......... .......... .......... .......... .......... 64%  403M 0s
 96650K .......... .......... .......... .......... .......... 64%  429M 0s
 96700K .......... .......... .......... .......... .......... 64%  341M 0s
 96750K .......... .......... .......... .......... .......... 64%  314M 0s
 96800K .......... .......... .......... .......... .......... 64%  390M 0s
 96850K .......... .......... .......... .......... .......... 64%  383M 0s
 96900K .......... .......... .......... .......... .......... 64%  404M 0s
 96950K .......... .......... .......... .......... .......... 64%  428M 0s
 97000K .......... .......... .......... .......... .......... 64%  413M 0s
 97050K .......... .......... .......... .......... .......... 64%  454M 0s
 97100K .......... .......... .......... .......... .......... 64%  472M 0s
 97150K .......... .......... .......... .......... .......... 64%  376M 0s
 97200K .......... .......... .......... .......... .......... 64%  488M 0s
 97250K .......... .......... .......... .......... .......... 64%  436M 0s
 97300K .......... .......... .......... .......... .......... 64%  471M 0s
 97350K .......... .......... .......... .......... .......... 64%  367M 0s
 97400K .......... .......... .......... .......... .......... 64%  401M 0s
 97450K .......... .......... .......... .......... .......... 64%  385M 0s
 97500K .......... .......... .......... .......... .......... 64%  429M 0s
 97550K .......... .......... .......... .......... .......... 64%  343M 0s
 97600K .......... .......... .......... .......... .......... 64%  450M 0s
 97650K .......... .......... .......... .......... .......... 64%  402M 0s
 97700K .......... .......... .......... .......... .......... 64%  418M 0s
 97750K .......... .......... .......... .......... .......... 64%  494M 0s
 97800K .......... .......... .......... .......... .......... 64%  494M 0s
 97850K .......... .......... .......... .......... .......... 64%  490M 0s
 97900K .......... .......... .......... .......... .......... 64%  499M 0s
 97950K .......... .......... .......... .......... .......... 64%  308M 0s
 98000K .......... .......... .......... .......... .......... 64%  421M 0s
 98050K .......... .......... .......... .......... .......... 65%  442M 0s
 98100K .......... .......... .......... .......... .......... 65%  329M 0s
 98150K .......... .......... .......... .......... .......... 65%  441M 0s
 98200K .......... .......... .......... .......... .......... 65%  419M 0s
 98250K .......... .......... .......... .......... .......... 65%  420M 0s
 98300K .......... .......... .......... .......... .......... 65%  416M 0s
 98350K .......... .......... .......... .......... .......... 65%  343M 0s
 98400K .......... .......... .......... .......... .......... 65%  484M 0s
 98450K .......... .......... .......... .......... .......... 65%  482M 0s
 98500K .......... .......... .......... .......... .......... 65%  374M 0s
 98550K .......... .......... .......... .......... .......... 65%  420M 0s
 98600K .......... .......... .......... .......... .......... 65%  487M 0s
 98650K .......... .......... .......... .......... .......... 65%  496M 0s
 98700K .......... .......... .......... .......... .......... 65%  384M 0s
 98750K .......... .......... .......... .......... .......... 65%  302M 0s
 98800K .......... .......... .......... .......... .......... 65%  407M 0s
 98850K .......... .......... .......... .......... .......... 65%  435M 0s
 98900K .......... .......... .......... .......... .......... 65%  442M 0s
 98950K .......... .......... .......... .......... .......... 65%  410M 0s
 99000K .......... .......... .......... .......... .......... 65%  428M 0s
 99050K .......... .......... .......... .......... .......... 65%  403M 0s
 99100K .......... .......... .......... .......... .......... 65%  420M 0s
 99150K .......... .......... .......... .......... .......... 65%  320M 0s
 99200K .......... .......... .......... .......... .......... 65%  434M 0s
 99250K .......... .......... .......... .......... .......... 65%  457M 0s
 99300K .......... .......... .......... .......... .......... 65%  496M 0s
 99350K .......... .......... .......... .......... .......... 65%  191M 0s
 99400K .......... .......... .......... .......... .......... 65% 88.6M 0s
 99450K .......... .......... .......... .......... .......... 65% 90.6M 0s
 99500K .......... .......... .......... .......... .......... 65%  287M 0s
 99550K .......... .......... .......... .......... .......... 66%  294M 0s
 99600K .......... .......... .......... .......... .......... 66%  410M 0s
 99650K .......... .......... .......... .......... .......... 66%  422M 0s
 99700K .......... .......... .......... .......... .......... 66%  422M 0s
 99750K .......... .......... .......... .......... .......... 66%  357M 0s
 99800K .......... .......... .......... .......... .......... 66%  461M 0s
 99850K .......... .......... .......... .......... .......... 66%  423M 0s
 99900K .......... .......... .......... .......... .......... 66%  445M 0s
 99950K .......... .......... .......... .......... .......... 66%  331M 0s
100000K .......... .......... .......... .......... .......... 66%  419M 0s
100050K .......... .......... .......... .......... .......... 66%  393M 0s
100100K .......... .......... .......... .......... .......... 66%  440M 0s
100150K .......... .......... .......... .......... .......... 66%  371M 0s
100200K .......... .......... .......... .......... .......... 66% 87.0M 0s
100250K .......... .......... .......... .......... .......... 66% 79.4M 0s
100300K .......... .......... .......... .......... .......... 66%  157M 0s
100350K .......... .......... .......... .......... .......... 66%  361M 0s
100400K .......... .......... .......... .......... .......... 66%  384M 0s
100450K .......... .......... .......... .......... .......... 66%  419M 0s
100500K .......... .......... .......... .......... .......... 66%  418M 0s
100550K .......... .......... .......... .......... .......... 66%  407M 0s
100600K .......... .......... .......... .......... .......... 66%  488M 0s
100650K .......... .......... .......... .......... .......... 66%  428M 0s
100700K .......... .......... .......... .......... .......... 66%  425M 0s
100750K .......... .......... .......... .......... .......... 66%  298M 0s
100800K .......... .......... .......... .......... .......... 66%  403M 0s
100850K .......... .......... .......... .......... .......... 66%  421M 0s
100900K .......... .......... .......... .......... .......... 66%  466M 0s
100950K .......... .......... .......... .......... .......... 66%  354M 0s
101000K .......... .......... .......... .......... .......... 66%  439M 0s
101050K .......... .......... .......... .......... .......... 67%  186M 0s
101100K .......... .......... .......... .......... .......... 67% 80.2M 0s
101150K .......... .......... .......... .......... .......... 67% 57.9M 0s
101200K .......... .......... .......... .......... .......... 67%  179M 0s
101250K .......... .......... .......... .......... .......... 67%  484M 0s
101300K .......... .......... .......... .......... .......... 67%  477M 0s
101350K .......... .......... .......... .......... .......... 67%  411M 0s
101400K .......... .......... .......... .......... .......... 67%  433M 0s
101450K .......... .......... .......... .......... .......... 67%  429M 0s
101500K .......... .......... .......... .......... .......... 67%  445M 0s
101550K .......... .......... .......... .......... .......... 67%  249M 0s
101600K .......... .......... .......... .......... .......... 67% 83.9M 0s
101650K .......... .......... .......... .......... .......... 67% 82.5M 0s
101700K .......... .......... .......... .......... .......... 67%  290M 0s
101750K .......... .......... .......... .......... .......... 67%  413M 0s
101800K .......... .......... .......... .......... .......... 67%  419M 0s
101850K .......... .......... .......... .......... .......... 67%  474M 0s
101900K .......... .......... .......... .......... .......... 67%  448M 0s
101950K .......... .......... .......... .......... .......... 67%  316M 0s
102000K .......... .......... .......... .......... .......... 67%  459M 0s
102050K .......... .......... .......... .......... .......... 67%  379M 0s
102100K .......... .......... .......... .......... .......... 67%  441M 0s
102150K .......... .......... .......... .......... .......... 67%  397M 0s
102200K .......... .......... .......... .......... .......... 67%  462M 0s
102250K .......... .......... .......... .......... .......... 67%  475M 0s
102300K .......... .......... .......... .......... .......... 67%  470M 0s
102350K .......... .......... .......... .......... .......... 67%  361M 0s
102400K .......... .......... .......... .......... .......... 67%  421M 0s
102450K .......... .......... .......... .......... .......... 67%  392M 0s
102500K .......... .......... .......... .......... .......... 67%  436M 0s
102550K .......... .......... .......... .......... .......... 68%  410M 0s
102600K .......... .......... .......... .......... .......... 68%  484M 0s
102650K .......... .......... .......... .......... .......... 68%  457M 0s
102700K .......... .......... .......... .......... .......... 68%  401M 0s
102750K .......... .......... .......... .......... .......... 68%  249M 0s
102800K .......... .......... .......... .......... .......... 68%  372M 0s
102850K .......... .......... .......... .......... .......... 68%  409M 0s
102900K .......... .......... .......... .......... .......... 68%  451M 0s
102950K .......... .......... .......... .......... .......... 68%  495M 0s
103000K .......... .......... .......... .......... .......... 68%  471M 0s
103050K .......... .......... .......... .......... .......... 68%  402M 0s
103100K .......... .......... .......... .......... .......... 68%  441M 0s
103150K .......... .......... .......... .......... .......... 68% 78.5M 0s
103200K .......... .......... .......... .......... .......... 68%  457M 0s
103250K .......... .......... .......... .......... .......... 68%  504M 0s
103300K .......... .......... .......... .......... .......... 68%  396M 0s
103350K .......... .......... .......... .......... .......... 68%  425M 0s
103400K .......... .......... .......... .......... .......... 68%  385M 0s
103450K .......... .......... .......... .......... .......... 68%  359M 0s
103500K .......... .......... .......... .......... .......... 68%  408M 0s
103550K .......... .......... .......... .......... .......... 68%  324M 0s
103600K .......... .......... .......... .......... .......... 68%  506M 0s
103650K .......... .......... .......... .......... .......... 68%  345M 0s
103700K .......... .......... .......... .......... .......... 68%  492M 0s
103750K .......... .......... .......... .......... .......... 68%  507M 0s
103800K .......... .......... .......... .......... .......... 68%  385M 0s
103850K .......... .......... .......... .......... .......... 68%  425M 0s
103900K .......... .......... .......... .......... .......... 68%  108M 0s
103950K .......... .......... .......... .......... .......... 68% 66.4M 0s
104000K .......... .......... .......... .......... .......... 68% 90.7M 0s
104050K .......... .......... .......... .......... .......... 69% 87.1M 0s
104100K .......... .......... .......... .......... .......... 69%  386M 0s
104150K .......... .......... .......... .......... .......... 69%  453M 0s
104200K .......... .......... .......... .......... .......... 69%  326M 0s
104250K .......... .......... .......... .......... .......... 69%  463M 0s
104300K .......... .......... .......... .......... .......... 69%  448M 0s
104350K .......... .......... .......... .......... .......... 69%  307M 0s
104400K .......... .......... .......... .......... .......... 69%  450M 0s
104450K .......... .......... .......... .......... .......... 69%  409M 0s
104500K .......... .......... .......... .......... .......... 69%  417M 0s
104550K .......... .......... .......... .......... .......... 69%  483M 0s
104600K .......... .......... .......... .......... .......... 69%  498M 0s
104650K .......... .......... .......... .......... .......... 69%  489M 0s
104700K .......... .......... .......... .......... .......... 69%  493M 0s
104750K .......... .......... .......... .......... .......... 69%  293M 0s
104800K .......... .......... .......... .......... .......... 69%  401M 0s
104850K .......... .......... .......... .......... .......... 69%  473M 0s
104900K .......... .......... .......... .......... .......... 69%  469M 0s
104950K .......... .......... .......... .......... .......... 69%  483M 0s
105000K .......... .......... .......... .......... .......... 69%  464M 0s
105050K .......... .......... .......... .......... .......... 69%  364M 0s
105100K .......... .......... .......... .......... .......... 69%  494M 0s
105150K .......... .......... .......... .......... .......... 69%  371M 0s
105200K .......... .......... .......... .......... .......... 69%  494M 0s
105250K .......... .......... .......... .......... .......... 69%  418M 0s
105300K .......... .......... .......... .......... .......... 69%  495M 0s
105350K .......... .......... .......... .......... .......... 69%  488M 0s
105400K .......... .......... .......... .......... .......... 69%  484M 0s
105450K .......... .......... .......... .......... .......... 69%  489M 0s
105500K .......... .......... .......... .......... .......... 69%  500M 0s
105550K .......... .......... .......... .......... .......... 69%  310M 0s
105600K .......... .......... .......... .......... .......... 70%  499M 0s
105650K .......... .......... .......... .......... .......... 70%  483M 0s
105700K .......... .......... .......... .......... .......... 70%  445M 0s
105750K .......... .......... .......... .......... .......... 70%  340M 0s
105800K .......... .......... .......... .......... .......... 70%  472M 0s
105850K .......... .......... .......... .......... .......... 70%  478M 0s
105900K .......... .......... .......... .......... .......... 70%  466M 0s
105950K .......... .......... .......... .......... .......... 70%  370M 0s
106000K .......... .......... .......... .......... .......... 70%  485M 0s
106050K .......... .......... .......... .......... .......... 70%  356M 0s
106100K .......... .......... .......... .......... .......... 70%  491M 0s
106150K .......... .......... .......... .......... .......... 70%  424M 0s
106200K .......... .......... .......... .......... .......... 70%  496M 0s
106250K .......... .......... .......... .......... .......... 70%  480M 0s
106300K .......... .......... .......... .......... .......... 70%  441M 0s
106350K .......... .......... .......... .......... .......... 70%  361M 0s
106400K .......... .......... .......... .......... .......... 70%  474M 0s
106450K .......... .......... .......... .......... .......... 70%  473M 0s
106500K .......... .......... .......... .......... .......... 70%  472M 0s
106550K .......... .......... .......... .......... .......... 70%  382M 0s
106600K .......... .......... .......... .......... .......... 70%  437M 0s
106650K .......... .......... .......... .......... .......... 70%  435M 0s
106700K .......... .......... .......... .......... .......... 70%  492M 0s
106750K .......... .......... .......... .......... .......... 70%  364M 0s
106800K .......... .......... .......... .......... .......... 70%  498M 0s
106850K .......... .......... .......... .......... .......... 70%  444M 0s
106900K .......... .......... .......... .......... .......... 70%  489M 0s
106950K .......... .......... .......... .......... .......... 70%  497M 0s
107000K .......... .......... .......... .......... .......... 70%  486M 0s
107050K .......... .......... .......... .......... .......... 70%  471M 0s
107100K .......... .......... .......... .......... .......... 71%  462M 0s
107150K .......... .......... .......... .......... .......... 71%  357M 0s
107200K .......... .......... .......... .......... .......... 71%  479M 0s
107250K .......... .......... .......... .......... .......... 71%  456M 0s
107300K .......... .......... .......... .......... .......... 71%  379M 0s
107350K .......... .......... .......... .......... .......... 71%  410M 0s
107400K .......... .......... .......... .......... .......... 71%  432M 0s
107450K .......... .......... .......... .......... .......... 71%  454M 0s
107500K .......... .......... .......... .......... .......... 71%  459M 0s
107550K .......... .......... .......... .......... .......... 71%  329M 0s
107600K .......... .......... .......... .......... .......... 71%  490M 0s
107650K .......... .......... .......... .......... .......... 71%  484M 0s
107700K .......... .......... .......... .......... .......... 71%  475M 0s
107750K .......... .......... .......... .......... .......... 71%  417M 0s
107800K .......... .......... .......... .......... .......... 71%  477M 0s
107850K .......... .......... .......... .......... .......... 71%  485M 0s
107900K .......... .......... .......... .......... .......... 71%  346M 0s
107950K .......... .......... .......... .......... .......... 71%  286M 0s
108000K .......... .......... .......... .......... .......... 71%  449M 0s
108050K .......... .......... .......... .......... .......... 71%  492M 0s
108100K .......... .......... .......... .......... .......... 71%  501M 0s
108150K .......... .......... .......... .......... .......... 71%  486M 0s
108200K .......... .......... .......... .......... .......... 71%  499M 0s
108250K .......... .......... .......... .......... .......... 71%  444M 0s
108300K .......... .......... .......... .......... .......... 71%  497M 0s
108350K .......... .......... .......... .......... .......... 71%  340M 0s
108400K .......... .......... .......... .......... .......... 71%  421M 0s
108450K .......... .......... .......... .......... .......... 71%  474M 0s
108500K .......... .......... .......... .......... .......... 71%  468M 0s
108550K .......... .......... .......... .......... .......... 71%  404M 0s
108600K .......... .......... .......... .......... .......... 72%  421M 0s
108650K .......... .......... .......... .......... .......... 72%  123M 0s
108700K .......... .......... .......... .......... .......... 72% 85.6M 0s
108750K .......... .......... .......... .......... .......... 72%  148M 0s
108800K .......... .......... .......... .......... .......... 72%  413M 0s
108850K .......... .......... .......... .......... .......... 72%  438M 0s
108900K .......... .......... .......... .......... .......... 72%  435M 0s
108950K .......... .......... .......... .......... .......... 72%  470M 0s
109000K .......... .......... .......... .......... .......... 72%  473M 0s
109050K .......... .......... .......... .......... .......... 72%  479M 0s
109100K .......... .......... .......... .......... .......... 72%  471M 0s
109150K .......... .......... .......... .......... .......... 72%  365M 0s
109200K .......... .......... .......... .......... .......... 72%  497M 0s
109250K .......... .......... .......... .......... .......... 72%  481M 0s
109300K .......... .......... .......... .......... .......... 72%  367M 0s
109350K .......... .......... .......... .......... .......... 72% 80.8M 0s
109400K .......... .......... .......... .......... .......... 72% 53.6M 0s
109450K .......... .......... .......... .......... .......... 72% 80.0M 0s
109500K .......... .......... .......... .......... .......... 72%  378M 0s
109550K .......... .......... .......... .......... .......... 72%  361M 0s
109600K .......... .......... .......... .......... .......... 72%  482M 0s
109650K .......... .......... .......... .......... .......... 72%  425M 0s
109700K .......... .......... .......... .......... .......... 72%  477M 0s
109750K .......... .......... .......... .......... .......... 72%  370M 0s
109800K .......... .......... .......... .......... .......... 72%  348M 0s
109850K .......... .......... .......... .......... .......... 72%  437M 0s
109900K .......... .......... .......... .......... .......... 72%  480M 0s
109950K .......... .......... .......... .......... .......... 72%  370M 0s
110000K .......... .......... .......... .......... .......... 72%  499M 0s
110050K .......... .......... .......... .......... .......... 72%  484M 0s
110100K .......... .......... .......... .......... .......... 73%  396M 0s
110150K .......... .......... .......... .......... .......... 73%  402M 0s
110200K .......... .......... .......... .......... .......... 73%  150M 0s
110250K .......... .......... .......... .......... .......... 73%  328M 0s
110300K .......... .......... .......... .......... .......... 73%  416M 0s
110350K .......... .......... .......... .......... .......... 73%  344M 0s
110400K .......... .......... .......... .......... .......... 73%  392M 0s
110450K .......... .......... .......... .......... .......... 73%  403M 0s
110500K .......... .......... .......... .......... .......... 73%  470M 0s
110550K .......... .......... .......... .......... .......... 73%  375M 0s
110600K .......... .......... .......... .......... .......... 73% 81.4M 0s
110650K .......... .......... .......... .......... .......... 73% 44.4M 0s
110700K .......... .......... .......... .......... .......... 73%  455M 0s
110750K .......... .......... .......... .......... .......... 73%  373M 0s
110800K .......... .......... .......... .......... .......... 73%  357M 0s
110850K .......... .......... .......... .......... .......... 73%  432M 0s
110900K .......... .......... .......... .......... .......... 73%  476M 0s
110950K .......... .......... .......... .......... .......... 73%  485M 0s
111000K .......... .......... .......... .......... .......... 73%  494M 0s
111050K .......... .......... .......... .......... .......... 73%  471M 0s
111100K .......... .......... .......... .......... .......... 73%  422M 0s
111150K .......... .......... .......... .......... .......... 73%  323M 0s
111200K .......... .......... .......... .......... .......... 73%  240M 0s
111250K .......... .......... .......... .......... .......... 73% 71.8M 0s
111300K .......... .......... .......... .......... .......... 73% 61.7M 0s
111350K .......... .......... .......... .......... .......... 73% 81.7M 0s
111400K .......... .......... .......... .......... .......... 73% 85.5M 0s
111450K .......... .......... .......... .......... .......... 73%  195M 0s
111500K .......... .......... .......... .......... .......... 73% 30.0M 0s
111550K .......... .......... .......... .......... .......... 73%  350M 0s
111600K .......... .......... .......... .......... .......... 74%  482M 0s
111650K .......... .......... .......... .......... .......... 74%  494M 0s
111700K .......... .......... .......... .......... .......... 74%  408M 0s
111750K .......... .......... .......... .......... .......... 74%  384M 0s
111800K .......... .......... .......... .......... .......... 74%  419M 0s
111850K .......... .......... .......... .......... .......... 74%  474M 0s
111900K .......... .......... .......... .......... .......... 74%  473M 0s
111950K .......... .......... .......... .......... .......... 74%  363M 0s
112000K .......... .......... .......... .......... .......... 74%  411M 0s
112050K .......... .......... .......... .......... .......... 74%  452M 0s
112100K .......... .......... .......... .......... .......... 74% 70.5M 0s
112150K .......... .......... .......... .......... .......... 74%  149M 0s
112200K .......... .......... .......... .......... .......... 74%  423M 0s
112250K .......... .......... .......... .......... .......... 74%  441M 0s
112300K .......... .......... .......... .......... .......... 74%  424M 0s
112350K .......... .......... .......... .......... .......... 74%  359M 0s
112400K .......... .......... .......... .......... .......... 74%  463M 0s
112450K .......... .......... .......... .......... .......... 74%  503M 0s
112500K .......... .......... .......... .......... .......... 74%  453M 0s
112550K .......... .......... .......... .......... .......... 74%  445M 0s
112600K .......... .......... .......... .......... .......... 74%  495M 0s
112650K .......... .......... .......... .......... .......... 74%  367M 0s
112700K .......... .......... .......... .......... .......... 74%  387M 0s
112750K .......... .......... .......... .......... .......... 74%  356M 0s
112800K .......... .......... .......... .......... .......... 74%  482M 0s
112850K .......... .......... .......... .......... .......... 74%  427M 0s
112900K .......... .......... .......... .......... .......... 74%  484M 0s
112950K .......... .......... .......... .......... .......... 74%  497M 0s
113000K .......... .......... .......... .......... .......... 74%  499M 0s
113050K .......... .......... .......... .......... .......... 74%  471M 0s
113100K .......... .......... .......... .......... .......... 75%  434M 0s
113150K .......... .......... .......... .......... .......... 75%  289M 0s
113200K .......... .......... .......... .......... .......... 75% 79.4M 0s
113250K .......... .......... .......... .......... .......... 75% 77.1M 0s
113300K .......... .......... .......... .......... .......... 75% 96.0M 0s
113350K .......... .......... .......... .......... .......... 75%  430M 0s
113400K .......... .......... .......... .......... .......... 75%  483M 0s
113450K .......... .......... .......... .......... .......... 75%  496M 0s
113500K .......... .......... .......... .......... .......... 75%  492M 0s
113550K .......... .......... .......... .......... .......... 75%  330M 0s
113600K .......... .......... .......... .......... .......... 75%  410M 0s
113650K .......... .......... .......... .......... .......... 75%  468M 0s
113700K .......... .......... .......... .......... .......... 75%  501M 0s
113750K .......... .......... .......... .......... .......... 75%  501M 0s
113800K .......... .......... .......... .......... .......... 75%  180M 0s
113850K .......... .......... .......... .......... .......... 75% 80.5M 0s
113900K .......... .......... .......... .......... .......... 75% 88.7M 0s
113950K .......... .......... .......... .......... .......... 75%  307M 0s
114000K .......... .......... .......... .......... .......... 75%  391M 0s
114050K .......... .......... .......... .......... .......... 75%  418M 0s
114100K .......... .......... .......... .......... .......... 75%  487M 0s
114150K .......... .......... .......... .......... .......... 75%  428M 0s
114200K .......... .......... .......... .......... .......... 75%  397M 0s
114250K .......... .......... .......... .......... .......... 75%  428M 0s
114300K .......... .......... .......... .......... .......... 75%  470M 0s
114350K .......... .......... .......... .......... .......... 75%  377M 0s
114400K .......... .......... .......... .......... .......... 75%  412M 0s
114450K .......... .......... .......... .......... .......... 75%  495M 0s
114500K .......... .......... .......... .......... .......... 75%  482M 0s
114550K .......... .......... .......... .......... .......... 75%  481M 0s
114600K .......... .......... .......... .......... .......... 75%  499M 0s
114650K .......... .......... .......... .......... .......... 76%  427M 0s
114700K .......... .......... .......... .......... .......... 76%  480M 0s
114750K .......... .......... .......... .......... .......... 76%  300M 0s
114800K .......... .......... .......... .......... .......... 76%  428M 0s
114850K .......... .......... .......... .......... .......... 76%  406M 0s
114900K .......... .......... .......... .......... .......... 76%  433M 0s
114950K .......... .......... .......... .......... .......... 76%  492M 0s
115000K .......... .......... .......... .......... .......... 76%  503M 0s
115050K .......... .......... .......... .......... .......... 76%  478M 0s
115100K .......... .......... .......... .......... .......... 76%  423M 0s
115150K .......... .......... .......... .......... .......... 76%  309M 0s
115200K .......... .......... .......... .......... .......... 76%  445M 0s
115250K .......... .......... .......... .......... .......... 76%  445M 0s
115300K .......... .......... .......... .......... .......... 76%  392M 0s
115350K .......... .......... .......... .......... .......... 76% 94.2M 0s
115400K .......... .......... .......... .......... .......... 76%  141M 0s
115450K .......... .......... .......... .......... .......... 76%  470M 0s
115500K .......... .......... .......... .......... .......... 76%  474M 0s
115550K .......... .......... .......... .......... .......... 76%  254M 0s
115600K .......... .......... .......... .......... .......... 76%  432M 0s
115650K .......... .......... .......... .......... .......... 76%  356M 0s
115700K .......... .......... .......... .......... .......... 76%  473M 0s
115750K .......... .......... .......... .......... .......... 76%  478M 0s
115800K .......... .......... .......... .......... .......... 76%  420M 0s
115850K .......... .......... .......... .......... .......... 76%  448M 0s
115900K .......... .......... .......... .......... .......... 76%  482M 0s
115950K .......... .......... .......... .......... .......... 76%  373M 0s
116000K .......... .......... .......... .......... .......... 76%  485M 0s
116050K .......... .......... .......... .......... .......... 76%  497M 0s
116100K .......... .......... .......... .......... .......... 76%  108M 0s
116150K .......... .......... .......... .......... .......... 77% 78.2M 0s
116200K .......... .......... .......... .......... .......... 77% 82.2M 0s
116250K .......... .......... .......... .......... .......... 77% 87.4M 0s
116300K .......... .......... .......... .......... .......... 77%  337M 0s
116350K .......... .......... .......... .......... .......... 77%  299M 0s
116400K .......... .......... .......... .......... .......... 77%  477M 0s
116450K .......... .......... .......... .......... .......... 77%  350M 0s
116500K .......... .......... .......... .......... .......... 77%  473M 0s
116550K .......... .......... .......... .......... .......... 77%  485M 0s
116600K .......... .......... .......... .......... .......... 77%  374M 0s
116650K .......... .......... .......... .......... .......... 77%  467M 0s
116700K .......... .......... .......... .......... .......... 77%  479M 0s
116750K .......... .......... .......... .......... .......... 77%  351M 0s
116800K .......... .......... .......... .......... .......... 77%  477M 0s
116850K .......... .......... .......... .......... .......... 77%  474M 0s
116900K .......... .......... .......... .......... .......... 77%  479M 0s
116950K .......... .......... .......... .......... .......... 77%  366M 0s
117000K .......... .......... .......... .......... .......... 77%  485M 0s
117050K .......... .......... .......... .......... .......... 77%  352M 0s
117100K .......... .......... .......... .......... .......... 77%  456M 0s
117150K .......... .......... .......... .......... .......... 77%  326M 0s
117200K .......... .......... .......... .......... .......... 77%  444M 0s
117250K .......... .......... .......... .......... .......... 77%  463M 0s
117300K .......... .......... .......... .......... .......... 77%  436M 0s
117350K .......... .......... .......... .......... .......... 77%  453M 0s
117400K .......... .......... .......... .......... .......... 77%  459M 0s
117450K .......... .......... .......... .......... .......... 77%  180M 0s
117500K .......... .......... .......... .......... .......... 77% 95.9M 0s
117550K .......... .......... .......... .......... .......... 77%  103M 0s
117600K .......... .......... .......... .......... .......... 77%  410M 0s
117650K .......... .......... .......... .......... .......... 78%  490M 0s
117700K .......... .......... .......... .......... .......... 78%  485M 0s
117750K .......... .......... .......... .......... .......... 78%  423M 0s
117800K .......... .......... .......... .......... .......... 78%  454M 0s
117850K .......... .......... .......... .......... .......... 78%  491M 0s
117900K .......... .......... .......... .......... .......... 78%  485M 0s
117950K .......... .......... .......... .......... .......... 78%  167M 0s
118000K .......... .......... .......... .......... .......... 78% 80.5M 0s
118050K .......... .......... .......... .......... .......... 78% 75.1M 0s
118100K .......... .......... .......... .......... .......... 78%  118M 0s
118150K .......... .......... .......... .......... .......... 78%  369M 0s
118200K .......... .......... .......... .......... .......... 78%  459M 0s
118250K .......... .......... .......... .......... .......... 78%  412M 0s
118300K .......... .......... .......... .......... .......... 78%  476M 0s
118350K .......... .......... .......... .......... .......... 78%  371M 0s
118400K .......... .......... .......... .......... .......... 78%  500M 0s
118450K .......... .......... .......... .......... .......... 78%  490M 0s
118500K .......... .......... .......... .......... .......... 78%  484M 0s
118550K .......... .......... .......... .......... .......... 78%  497M 0s
118600K .......... .......... .......... .......... .......... 78%  484M 0s
118650K .......... .......... .......... .......... .......... 78%  304M 0s
118700K .......... .......... .......... .......... .......... 78%  387M 0s
118750K .......... .......... .......... .......... .......... 78%  336M 0s
118800K .......... .......... .......... .......... .......... 78%  475M 0s
118850K .......... .......... .......... .......... .......... 78%  407M 0s
118900K .......... .......... .......... .......... .......... 78%  449M 0s
118950K .......... .......... .......... .......... .......... 78%  495M 0s
119000K .......... .......... .......... .......... .......... 78%  410M 0s
119050K .......... .......... .......... .......... .......... 78%  400M 0s
119100K .......... .......... .......... .......... .......... 78%  473M 0s
119150K .......... .......... .......... .......... .......... 79%  377M 0s
119200K .......... .......... .......... .......... .......... 79%  491M 0s
119250K .......... .......... .......... .......... .......... 79%  487M 0s
119300K .......... .......... .......... .......... .......... 79%  472M 0s
119350K .......... .......... .......... .......... .......... 79%  468M 0s
119400K .......... .......... .......... .......... .......... 79%  465M 0s
119450K .......... .......... .......... .......... .......... 79%  475M 0s
119500K .......... .......... .......... .......... .......... 79%  374M 0s
119550K .......... .......... .......... .......... .......... 79%  369M 0s
119600K .......... .......... .......... .......... .......... 79%  326M 0s
119650K .......... .......... .......... .......... .......... 79%  461M 0s
119700K .......... .......... .......... .......... .......... 79%  341M 0s
119750K .......... .......... .......... .......... .......... 79%  388M 0s
119800K .......... .......... .......... .......... .......... 79%  433M 0s
119850K .......... .......... .......... .......... .......... 79%  414M 0s
119900K .......... .......... .......... .......... .......... 79%  332M 0s
119950K .......... .......... .......... .......... .......... 79%  349M 0s
120000K .......... .......... .......... .......... .......... 79%  467M 0s
120050K .......... .......... .......... .......... .......... 79%  399M 0s
120100K .......... .......... .......... .......... .......... 79%  446M 0s
120150K .......... .......... .......... .......... .......... 79%  480M 0s
120200K .......... .......... .......... .......... .......... 79%  412M 0s
120250K .......... .......... .......... .......... .......... 79%  477M 0s
120300K .......... .......... .......... .......... .......... 79%  502M 0s
120350K .......... .......... .......... .......... .......... 79%  295M 0s
120400K .......... .......... .......... .......... .......... 79%  404M 0s
120450K .......... .......... .......... .......... .......... 79%  477M 0s
120500K .......... .......... .......... .......... .......... 79%  474M 0s
120550K .......... .......... .......... .......... .......... 79%  478M 0s
120600K .......... .......... .......... .......... .......... 79%  408M 0s
120650K .......... .......... .......... .......... .......... 80%  425M 0s
120700K .......... .......... .......... .......... .......... 80%  428M 0s
120750K .......... .......... .......... .......... .......... 80%  311M 0s
120800K .......... .......... .......... .......... .......... 80%  484M 0s
120850K .......... .......... .......... .......... .......... 80%  468M 0s
120900K .......... .......... .......... .......... .......... 80%  417M 0s
120950K .......... .......... .......... .......... .......... 80%  465M 0s
121000K .......... .......... .......... .......... .......... 80%  499M 0s
121050K .......... .......... .......... .......... .......... 80%  496M 0s
121100K .......... .......... .......... .......... .......... 80%  377M 0s
121150K .......... .......... .......... .......... .......... 80%  358M 0s
121200K .......... .......... .......... .......... .......... 80%  338M 0s
121250K .......... .......... .......... .......... .......... 80%  373M 0s
121300K .......... .......... .......... .......... .......... 80%  462M 0s
121350K .......... .......... .......... .......... .......... 80%  423M 0s
121400K .......... .......... .......... .......... .......... 80%  502M 0s
121450K .......... .......... .......... .......... .......... 80%  483M 0s
121500K .......... .......... .......... .......... .......... 80%  497M 0s
121550K .......... .......... .......... .......... .......... 80%  307M 0s
121600K .......... .......... .......... .......... .......... 80%  371M 0s
121650K .......... .......... .......... .......... .......... 80%  495M 0s
121700K .......... .......... .......... .......... .......... 80%  414M 0s
121750K .......... .......... .......... .......... .......... 80%  463M 0s
121800K .......... .......... .......... .......... .......... 80%  273M 0s
121850K .......... .......... .......... .......... .......... 80%  357M 0s
121900K .......... .......... .......... .......... .......... 80%  422M 0s
121950K .......... .......... .......... .......... .......... 80%  360M 0s
122000K .......... .......... .......... .......... .......... 80%  436M 0s
122050K .......... .......... .......... .......... .......... 80%  484M 0s
122100K .......... .......... .......... .......... .......... 80%  412M 0s
122150K .......... .......... .......... .......... .......... 80%  500M 0s
122200K .......... .......... .......... .......... .......... 81%  481M 0s
122250K .......... .......... .......... .......... .......... 81%  499M 0s
122300K .......... .......... .......... .......... .......... 81%  365M 0s
122350K .......... .......... .......... .......... .......... 81%  348M 0s
122400K .......... .......... .......... .......... .......... 81%  479M 0s
122450K .......... .......... .......... .......... .......... 81%  351M 0s
122500K .......... .......... .......... .......... .......... 81%  447M 0s
122550K .......... .......... .......... .......... .......... 81%  460M 0s
122600K .......... .......... .......... .......... .......... 81%  489M 0s
122650K .......... .......... .......... .......... .......... 81%  414M 0s
122700K .......... .......... .......... .......... .......... 81%  459M 0s
122750K .......... .......... .......... .......... .......... 81%  376M 0s
122800K .......... .......... .......... .......... .......... 81%  497M 0s
122850K .......... .......... .......... .......... .......... 81%  420M 0s
122900K .......... .......... .......... .......... .......... 81%  409M 0s
122950K .......... .......... .......... .......... .......... 81%  392M 0s
123000K .......... .......... .......... .......... .......... 81%  310M 0s
123050K .......... .......... .......... .......... .......... 81%  424M 0s
123100K .......... .......... .......... .......... .......... 81%  436M 0s
123150K .......... .......... .......... .......... .......... 81%  367M 0s
123200K .......... .......... .......... .......... .......... 81%  486M 0s
123250K .......... .......... .......... .......... .......... 81%  491M 0s
123300K .......... .......... .......... .......... .......... 81%  230M 0s
123350K .......... .......... .......... .......... .......... 81%  375M 0s
123400K .......... .......... .......... .......... .......... 81%  492M 0s
123450K .......... .......... .......... .......... .......... 81%  433M 0s
123500K .......... .......... .......... .......... .......... 81%  471M 0s
123550K .......... .......... .......... .......... .......... 81%  328M 0s
123600K .......... .......... .......... .......... .......... 81%  486M 0s
123650K .......... .......... .......... .......... .......... 81%  506M 0s
123700K .......... .......... .......... .......... .......... 82%  424M 0s
123750K .......... .......... .......... .......... .......... 82%  409M 0s
123800K .......... .......... .......... .......... .......... 82%  450M 0s
123850K .......... .......... .......... .......... .......... 82%  462M 0s
123900K .......... .......... .......... .......... .......... 82%  474M 0s
123950K .......... .......... .......... .......... .......... 82%  361M 0s
124000K .......... .......... .......... .......... .......... 82%  409M 0s
124050K .......... .......... .......... .......... .......... 82%  460M 0s
124100K .......... .......... .......... .......... .......... 82%  498M 0s
124150K .......... .......... .......... .......... .......... 82%  163M 0s
124200K .......... .......... .......... .......... .......... 82% 83.3M 0s
124250K .......... .......... .......... .......... .......... 82% 78.0M 0s
124300K .......... .......... .......... .......... .......... 82% 77.2M 0s
124350K .......... .......... .......... .......... .......... 82% 63.5M 0s
124400K .......... .......... .......... .......... .......... 82% 76.4M 0s
124450K .......... .......... .......... .......... .......... 82%  223M 0s
124500K .......... .......... .......... .......... .......... 82%  476M 0s
124550K .......... .......... .......... .......... .......... 82%  387M 0s
124600K .......... .......... .......... .......... .......... 82%  318M 0s
124650K .......... .......... .......... .......... .......... 82%  364M 0s
124700K .......... .......... .......... .......... .......... 82%  447M 0s
124750K .......... .......... .......... .......... .......... 82%  364M 0s
124800K .......... .......... .......... .......... .......... 82%  488M 0s
124850K .......... .......... .......... .......... .......... 82%  500M 0s
124900K .......... .......... .......... .......... .......... 82%  336M 0s
124950K .......... .......... .......... .......... .......... 82%  456M 0s
125000K .......... .......... .......... .......... .......... 82%  169M 0s
125050K .......... .......... .......... .......... .......... 82% 77.5M 0s
125100K .......... .......... .......... .......... .......... 82% 79.4M 0s
125150K .......... .......... .......... .......... .......... 82% 62.2M 0s
125200K .......... .......... .......... .......... .......... 83%  264M 0s
125250K .......... .......... .......... .......... .......... 83%  464M 0s
125300K .......... .......... .......... .......... .......... 83%  407M 0s
125350K .......... .......... .......... .......... .......... 83%  492M 0s
125400K .......... .......... .......... .......... .......... 83%  496M 0s
125450K .......... .......... .......... .......... .......... 83%  483M 0s
125500K .......... .......... .......... .......... .......... 83%  423M 0s
125550K .......... .......... .......... .......... .......... 83%  307M 0s
125600K .......... .......... .......... .......... .......... 83%  468M 0s
125650K .......... .......... .......... .......... .......... 83%  465M 0s
125700K .......... .......... .......... .......... .......... 83%  395M 0s
125750K .......... .......... .......... .......... .......... 83%  422M 0s
125800K .......... .......... .......... .......... .......... 83%  468M 0s
125850K .......... .......... .......... .......... .......... 83%  489M 0s
125900K .......... .......... .......... .......... .......... 83%  346M 0s
125950K .......... .......... .......... .......... .......... 83%  306M 0s
126000K .......... .......... .......... .......... .......... 83%  426M 0s
126050K .......... .......... .......... .......... .......... 83%  470M 0s
126100K .......... .......... .......... .......... .......... 83%  475M 0s
126150K .......... .......... .......... .......... .......... 83%  375M 0s
126200K .......... .......... .......... .......... .......... 83%  454M 0s
126250K .......... .......... .......... .......... .......... 83%  479M 0s
126300K .......... .......... .......... .......... .......... 83%  382M 0s
126350K .......... .......... .......... .......... .......... 83%  317M 0s
126400K .......... .......... .......... .......... .......... 83%  361M 0s
126450K .......... .......... .......... .......... .......... 83%  485M 0s
126500K .......... .......... .......... .......... .......... 83%  419M 0s
126550K .......... .......... .......... .......... .......... 83%  472M 0s
126600K .......... .......... .......... .......... .......... 83%  503M 0s
126650K .......... .......... .......... .......... .......... 83%  486M 0s
126700K .......... .......... .......... .......... .......... 84%  493M 0s
126750K .......... .......... .......... .......... .......... 84%  350M 0s
126800K .......... .......... .......... .......... .......... 84%  364M 0s
126850K .......... .......... .......... .......... .......... 84%  449M 0s
126900K .......... .......... .......... .......... .......... 84%  466M 0s
126950K .......... .......... .......... .......... .......... 84%  476M 0s
127000K .......... .......... .......... .......... .......... 84%  371M 0s
127050K .......... .......... .......... .......... .......... 84%  434M 0s
127100K .......... .......... .......... .......... .......... 84%  469M 0s
127150K .......... .......... .......... .......... .......... 84%  371M 0s
127200K .......... .......... .......... .......... .......... 84%  439M 0s
127250K .......... .......... .......... .......... .......... 84%  501M 0s
127300K .......... .......... .......... .......... .......... 84%  393M 0s
127350K .......... .......... .......... .......... .......... 84%  415M 0s
127400K .......... .......... .......... .......... .......... 84%  419M 0s
127450K .......... .......... .......... .......... .......... 84%  474M 0s
127500K .......... .......... .......... .......... .......... 84%  369M 0s
127550K .......... .......... .......... .......... .......... 84%  306M 0s
127600K .......... .......... .......... .......... .......... 84%  150M 0s
127650K .......... .......... .......... .......... .......... 84%  133M 0s
127700K .......... .......... .......... .......... .......... 84%  434M 0s
127750K .......... .......... .......... .......... .......... 84%  461M 0s
127800K .......... .......... .......... .......... .......... 84%  419M 0s
127850K .......... .......... .......... .......... .......... 84%  190M 0s
127900K .......... .......... .......... .......... .......... 84% 81.5M 0s
127950K .......... .......... .......... .......... .......... 84%  190M 0s
128000K .......... .......... .......... .......... .......... 84%  458M 0s
128050K .......... .......... .......... .......... .......... 84%  482M 0s
128100K .......... .......... .......... .......... .......... 84%  481M 0s
128150K .......... .......... .......... .......... .......... 84%  395M 0s
128200K .......... .......... .......... .......... .......... 85%  495M 0s
128250K .......... .......... .......... .......... .......... 85%  499M 0s
128300K .......... .......... .......... .......... .......... 85%  482M 0s
128350K .......... .......... .......... .......... .......... 85%  379M 0s
128400K .......... .......... .......... .......... .......... 85%  169M 0s
128450K .......... .......... .......... .......... .......... 85% 82.6M 0s
128500K .......... .......... .......... .......... .......... 85% 77.3M 0s
128550K .......... .......... .......... .......... .......... 85% 81.8M 0s
128600K .......... .......... .......... .......... .......... 85%  154M 0s
128650K .......... .......... .......... .......... .......... 85%  423M 0s
128700K .......... .......... .......... .......... .......... 85%  474M 0s
128750K .......... .......... .......... .......... .......... 85%  304M 0s
128800K .......... .......... .......... .......... .......... 85%  495M 0s
128850K .......... .......... .......... .......... .......... 85%  498M 0s
128900K .......... .......... .......... .......... .......... 85%  365M 0s
128950K .......... .......... .......... .......... .......... 85% 92.0M 0s
129000K .......... .......... .......... .......... .......... 85%  309M 0s
129050K .......... .......... .......... .......... .......... 85%  479M 0s
129100K .......... .......... .......... .......... .......... 85%  476M 0s
129150K .......... .......... .......... .......... .......... 85%  256M 0s
129200K .......... .......... .......... .......... .......... 85%  469M 0s
129250K .......... .......... .......... .......... .......... 85%  465M 0s
129300K .......... .......... .......... .......... .......... 85%  491M 0s
129350K .......... .......... .......... .......... .......... 85%  412M 0s
129400K .......... .......... .......... .......... .......... 85%  469M 0s
129450K .......... .......... .......... .......... .......... 85%  499M 0s
129500K .......... .......... .......... .......... .......... 85%  487M 0s
129550K .......... .......... .......... .......... .......... 85%  375M 0s
129600K .......... .......... .......... .......... .......... 85%  388M 0s
129650K .......... .......... .......... .......... .......... 85%  410M 0s
129700K .......... .......... .......... .......... .......... 86%  496M 0s
129750K .......... .......... .......... .......... .......... 86%  434M 0s
129800K .......... .......... .......... .......... .......... 86%  483M 0s
129850K .......... .......... .......... .......... .......... 86%  473M 0s
129900K .......... .......... .......... .......... .......... 86%  440M 0s
129950K .......... .......... .......... .......... .......... 86%  285M 0s
130000K .......... .......... .......... .......... .......... 86%  369M 0s
130050K .......... .......... .......... .......... .......... 86%  471M 0s
130100K .......... .......... .......... .......... .......... 86%  496M 0s
130150K .......... .......... .......... .......... .......... 86%  395M 0s
130200K .......... .......... .......... .......... .......... 86%  445M 0s
130250K .......... .......... .......... .......... .......... 86%  461M 0s
130300K .......... .......... .......... .......... .......... 86%  449M 0s
130350K .......... .......... .......... .......... .......... 86%  358M 0s
130400K .......... .......... .......... .......... .......... 86%  482M 0s
130450K .......... .......... .......... .......... .......... 86%  422M 0s
130500K .......... .......... .......... .......... .......... 86%  412M 0s
130550K .......... .......... .......... .......... .......... 86%  412M 0s
130600K .......... .......... .......... .......... .......... 86%  472M 0s
130650K .......... .......... .......... .......... .......... 86%  411M 0s
130700K .......... .......... .......... .......... .......... 86%  469M 0s
130750K .......... .......... .......... .......... .......... 86%  369M 0s
130800K .......... .......... .......... .......... .......... 86%  496M 0s
130850K .......... .......... .......... .......... .......... 86%  419M 0s
130900K .......... .......... .......... .......... .......... 86%  397M 0s
130950K .......... .......... .......... .......... .......... 86%  436M 0s
131000K .......... .......... .......... .......... .......... 86%  464M 0s
131050K .......... .......... .......... .......... .......... 86%  487M 0s
131100K .......... .......... .......... .......... .......... 86%  431M 0s
131150K .......... .......... .......... .......... .......... 86%  356M 0s
131200K .......... .......... .......... .......... .......... 86%  481M 0s
131250K .......... .......... .......... .......... .......... 87%  467M 0s
131300K .......... .......... .......... .......... .......... 87%  493M 0s
131350K .......... .......... .......... .......... .......... 87%  424M 0s
131400K .......... .......... .......... .......... .......... 87%  385M 0s
131450K .......... .......... .......... .......... .......... 87%  379M 0s
131500K .......... .......... .......... .......... .......... 87%  445M 0s
131550K .......... .......... .......... .......... .......... 87%  358M 0s
131600K .......... .......... .......... .......... .......... 87%  488M 0s
131650K .......... .......... .......... .......... .......... 87%  500M 0s
131700K .......... .......... .......... .......... .......... 87%  357M 0s
131750K .......... .......... .......... .......... .......... 87%  414M 0s
131800K .......... .......... .......... .......... .......... 87%  367M 0s
131850K .......... .......... .......... .......... .......... 87%  446M 0s
131900K .......... .......... .......... .......... .......... 87%  470M 0s
131950K .......... .......... .......... .......... .......... 87%  330M 0s
132000K .......... .......... .......... .......... .......... 87%  477M 0s
132050K .......... .......... .......... .......... .......... 87%  492M 0s
132100K .......... .......... .......... .......... .......... 87%  485M 0s
132150K .......... .......... .......... .......... .......... 87%  424M 0s
132200K .......... .......... .......... .......... .......... 87%  378M 0s
132250K .......... .......... .......... .......... .......... 87%  473M 0s
132300K .......... .......... .......... .......... .......... 87%  442M 0s
132350K .......... .......... .......... .......... .......... 87%  316M 0s
132400K .......... .......... .......... .......... .......... 87%  455M 0s
132450K .......... .......... .......... .......... .......... 87%  454M 0s
132500K .......... .......... .......... .......... .......... 87%  480M 0s
132550K .......... .......... .......... .......... .......... 87%  495M 0s
132600K .......... .......... .......... .......... .......... 87%  485M 0s
132650K .......... .......... .......... .......... .......... 87%  424M 0s
132700K .......... .......... .......... .......... .......... 87%  503M 0s
132750K .......... .......... .......... .......... .......... 88%  372M 0s
132800K .......... .......... .......... .......... .......... 88%  493M 0s
132850K .......... .......... .......... .......... .......... 88%  475M 0s
132900K .......... .......... .......... .......... .......... 88%  425M 0s
132950K .......... .......... .......... .......... .......... 88%  376M 0s
133000K .......... .......... .......... .......... .......... 88%  473M 0s
133050K .......... .......... .......... .......... .......... 88%  481M 0s
133100K .......... .......... .......... .......... .......... 88%  342M 0s
133150K .......... .......... .......... .......... .......... 88%  351M 0s
133200K .......... .......... .......... .......... .......... 88%  480M 0s
133250K .......... .......... .......... .......... .......... 88%  390M 0s
133300K .......... .......... .......... .......... .......... 88%  414M 0s
133350K .......... .......... .......... .......... .......... 88%  485M 0s
133400K .......... .......... .......... .......... .......... 88%  497M 0s
133450K .......... .......... .......... .......... .......... 88%  443M 0s
133500K .......... .......... .......... .......... .......... 88%  434M 0s
133550K .......... .......... .......... .......... .......... 88%  310M 0s
133600K .......... .......... .......... .......... .......... 88%  398M 0s
133650K .......... .......... .......... .......... .......... 88%  477M 0s
133700K .......... .......... .......... .......... .......... 88%  480M 0s
133750K .......... .......... .......... .......... .......... 88%  497M 0s
133800K .......... .......... .......... .......... .......... 88%  505M 0s
133850K .......... .......... .......... .......... .......... 88%  493M 0s
133900K .......... .......... .......... .......... .......... 88%  494M 0s
133950K .......... .......... .......... .......... .......... 88%  336M 0s
134000K .......... .......... .......... .......... .......... 88%  479M 0s
134050K .......... .......... .......... .......... .......... 88%  403M 0s
134100K .......... .......... .......... .......... .......... 88%  433M 0s
134150K .......... .......... .......... .......... .......... 88%  498M 0s
134200K .......... .......... .......... .......... .......... 88%  477M 0s
134250K .......... .......... .......... .......... .......... 89%  465M 0s
134300K .......... .......... .......... .......... .......... 89%  363M 0s
134350K .......... .......... .......... .......... .......... 89%  352M 0s
134400K .......... .......... .......... .......... .......... 89%  415M 0s
134450K .......... .......... .......... .......... .......... 89%  383M 0s
134500K .......... .......... .......... .......... .......... 89%  475M 0s
134550K .......... .......... .......... .......... .......... 89%  493M 0s
134600K .......... .......... .......... .......... .......... 89%  491M 0s
134650K .......... .......... .......... .......... .......... 89%  491M 0s
134700K .......... .......... .......... .......... .......... 89%  482M 0s
134750K .......... .......... .......... .......... .......... 89%  254M 0s
134800K .......... .......... .......... .......... .......... 89% 81.9M 0s
134850K .......... .......... .......... .......... .......... 89%  115M 0s
134900K .......... .......... .......... .......... .......... 89%  378M 0s
134950K .......... .......... .......... .......... .......... 89%  356M 0s
135000K .......... .......... .......... .......... .......... 89%  468M 0s
135050K .......... .......... .......... .......... .......... 89%  477M 0s
135100K .......... .......... .......... .......... .......... 89%  399M 0s
135150K .......... .......... .......... .......... .......... 89%  358M 0s
135200K .......... .......... .......... .......... .......... 89%  487M 0s
135250K .......... .......... .......... .......... .......... 89%  496M 0s
135300K .......... .......... .......... .......... .......... 89%  493M 0s
135350K .......... .......... .......... .......... .......... 89%  175M 0s
135400K .......... .......... .......... .......... .......... 89% 83.0M 0s
135450K .......... .......... .......... .......... .......... 89% 89.3M 0s
135500K .......... .......... .......... .......... .......... 89% 90.7M 0s
135550K .......... .......... .......... .......... .......... 89%  292M 0s
135600K .......... .......... .......... .......... .......... 89%  465M 0s
135650K .......... .......... .......... .......... .......... 89%  478M 0s
135700K .......... .......... .......... .......... .......... 89%  376M 0s
135750K .......... .......... .......... .......... .......... 90%  426M 0s
135800K .......... .......... .......... .......... .......... 90%  407M 0s
135850K .......... .......... .......... .......... .......... 90%  450M 0s
135900K .......... .......... .......... .......... .......... 90%  424M 0s
135950K .......... .......... .......... .......... .......... 90%  311M 0s
136000K .......... .......... .......... .......... .......... 90%  423M 0s
136050K .......... .......... .......... .......... .......... 90%  480M 0s
136100K .......... .......... .......... .......... .......... 90%  384M 0s
136150K .......... .......... .......... .......... .......... 90%  370M 0s
136200K .......... .......... .......... .......... .......... 90%  362M 0s
136250K .......... .......... .......... .......... .......... 90%  422M 0s
136300K .......... .......... .......... .......... .......... 90%  461M 0s
136350K .......... .......... .......... .......... .......... 90%  345M 0s
136400K .......... .......... .......... .......... .......... 90%  434M 0s
136450K .......... .......... .......... .......... .......... 90%  490M 0s
136500K .......... .......... .......... .......... .......... 90%  422M 0s
136550K .......... .......... .......... .......... .......... 90%  466M 0s
136600K .......... .......... .......... .......... .......... 90%  429M 0s
136650K .......... .......... .......... .......... .......... 90%  437M 0s
136700K .......... .......... .......... .......... .......... 90%  370M 0s
136750K .......... .......... .......... .......... .......... 90%  351M 0s
136800K .......... .......... .......... .......... .......... 90%  444M 0s
136850K .......... .......... .......... .......... .......... 90%  465M 0s
136900K .......... .......... .......... .......... .......... 90%  492M 0s
136950K .......... .......... .......... .......... .......... 90%  378M 0s
137000K .......... .......... .......... .......... .......... 90%  441M 0s
137050K .......... .......... .......... .......... .......... 90%  409M 0s
137100K .......... .......... .......... .......... .......... 90%  479M 0s
137150K .......... .......... .......... .......... .......... 90%  330M 0s
137200K .......... .......... .......... .......... .......... 90%  448M 0s
137250K .......... .......... .......... .......... .......... 91%  381M 0s
137300K .......... .......... .......... .......... .......... 91%  404M 0s
137350K .......... .......... .......... .......... .......... 91%  123M 0s
137400K .......... .......... .......... .......... .......... 91%  307M 0s
137450K .......... .......... .......... .......... .......... 91%  472M 0s
137500K .......... .......... .......... .......... .......... 91%  500M 0s
137550K .......... .......... .......... .......... .......... 91%  240M 0s
137600K .......... .......... .......... .......... .......... 91%  479M 0s
137650K .......... .......... .......... .......... .......... 91%  412M 0s
137700K .......... .......... .......... .......... .......... 91%  450M 0s
137750K .......... .......... .......... .......... .......... 91%  472M 0s
137800K .......... .......... .......... .......... .......... 91%  417M 0s
137850K .......... .......... .......... .......... .......... 91%  481M 0s
137900K .......... .......... .......... .......... .......... 91%  398M 0s
137950K .......... .......... .......... .......... .......... 91%  295M 0s
138000K .......... .......... .......... .......... .......... 91%  493M 0s
138050K .......... .......... .......... .......... .......... 91%  486M 0s
138100K .......... .......... .......... .......... .......... 91%  491M 0s
138150K .......... .......... .......... .......... .......... 91%  494M 0s
138200K .......... .......... .......... .......... .......... 91%  394M 0s
138250K .......... .......... .......... .......... .......... 91%  487M 0s
138300K .......... .......... .......... .......... .......... 91%  437M 0s
138350K .......... .......... .......... .......... .......... 91%  360M 0s
138400K .......... .......... .......... .......... .......... 91% 78.3M 0s
138450K .......... .......... .......... .......... .......... 91% 81.9M 0s
138500K .......... .......... .......... .......... .......... 91% 86.8M 0s
138550K .......... .......... .......... .......... .......... 91% 76.8M 0s
138600K .......... .......... .......... .......... .......... 91%  148M 0s
138650K .......... .......... .......... .......... .......... 91%  446M 0s
138700K .......... .......... .......... .......... .......... 91%  413M 0s
138750K .......... .......... .......... .......... .......... 92%  305M 0s
138800K .......... .......... .......... .......... .......... 92%  413M 0s
138850K .......... .......... .......... .......... .......... 92%  455M 0s
138900K .......... .......... .......... .......... .......... 92%  491M 0s
138950K .......... .......... .......... .......... .......... 92%  502M 0s
139000K .......... .......... .......... .......... .......... 92%  473M 0s
139050K .......... .......... .......... .......... .......... 92%  419M 0s
139100K .......... .......... .......... .......... .......... 92%  445M 0s
139150K .......... .......... .......... .......... .......... 92%  310M 0s
139200K .......... .......... .......... .......... .......... 92%  457M 0s
139250K .......... .......... .......... .......... .......... 92%  458M 0s
139300K .......... .......... .......... .......... .......... 92%  415M 0s
139350K .......... .......... .......... .......... .......... 92%  412M 0s
139400K .......... .......... .......... .......... .......... 92%  478M 0s
139450K .......... .......... .......... .......... .......... 92%  356M 0s
139500K .......... .......... .......... .......... .......... 92%  456M 0s
139550K .......... .......... .......... .......... .......... 92%  317M 0s
139600K .......... .......... .......... .......... .......... 92%  394M 0s
139650K .......... .......... .......... .......... .......... 92%  475M 0s
139700K .......... .......... .......... .......... .......... 92%  442M 0s
139750K .......... .......... .......... .......... .......... 92%  411M 0s
139800K .......... .......... .......... .......... .......... 92%  487M 0s
139850K .......... .......... .......... .......... .......... 92%  448M 0s
139900K .......... .......... .......... .......... .......... 92%  385M 0s
139950K .......... .......... .......... .......... .......... 92%  348M 0s
140000K .......... .......... .......... .......... .......... 92%  336M 0s
140050K .......... .......... .......... .......... .......... 92%  442M 0s
140100K .......... .......... .......... .......... .......... 92%  479M 0s
140150K .......... .......... .......... .......... .......... 92%  491M 0s
140200K .......... .......... .......... .......... .......... 92%  407M 0s
140250K .......... .......... .......... .......... .......... 92%  430M 0s
140300K .......... .......... .......... .......... .......... 93%  491M 0s
140350K .......... .......... .......... .......... .......... 93%  370M 0s
140400K .......... .......... .......... .......... .......... 93%  419M 0s
140450K .......... .......... .......... .......... .......... 93%  348M 0s
140500K .......... .......... .......... .......... .......... 93%  128M 0s
140550K .......... .......... .......... .......... .......... 93%  408M 0s
140600K .......... .......... .......... .......... .......... 93%  380M 0s
140650K .......... .......... .......... .......... .......... 93%  440M 0s
140700K .......... .......... .......... .......... .......... 93%  468M 0s
140750K .......... .......... .......... .......... .......... 93%  266M 0s
140800K .......... .......... .......... .......... .......... 93%  386M 0s
140850K .......... .......... .......... .......... .......... 93%  461M 0s
140900K .......... .......... .......... .......... .......... 93%  440M 0s
140950K .......... .......... .......... .......... .......... 93%  470M 0s
141000K .......... .......... .......... .......... .......... 93%  451M 0s
141050K .......... .......... .......... .......... .......... 93%  363M 0s
141100K .......... .......... .......... .......... .......... 93%  360M 0s
141150K .......... .......... .......... .......... .......... 93%  270M 0s
141200K .......... .......... .......... .......... .......... 93%  404M 0s
141250K .......... .......... .......... .......... .......... 93%  376M 0s
141300K .......... .......... .......... .......... .......... 93%  392M 0s
141350K .......... .......... .......... .......... .......... 93%  461M 0s
141400K .......... .......... .......... .......... .......... 93%  340M 0s
141450K .......... .......... .......... .......... .......... 93%  442M 0s
141500K .......... .......... .......... .......... .......... 93%  481M 0s
141550K .......... .......... .......... .......... .......... 93%  311M 0s
141600K .......... .......... .......... .......... .......... 93%  404M 0s
141650K .......... .......... .......... .......... .......... 93%  451M 0s
141700K .......... .......... .......... .......... .......... 93%  425M 0s
141750K .......... .......... .......... .......... .......... 93%  341M 0s
141800K .......... .......... .......... .......... .......... 94%  427M 0s
141850K .......... .......... .......... .......... .......... 94%  482M 0s
141900K .......... .......... .......... .......... .......... 94%  444M 0s
141950K .......... .......... .......... .......... .......... 94%  330M 0s
142000K .......... .......... .......... .......... .......... 94%  475M 0s
142050K .......... .......... .......... .......... .......... 94%  500M 0s
142100K .......... .......... .......... .......... .......... 94%  401M 0s
142150K .......... .......... .......... .......... .......... 94%  397M 0s
142200K .......... .......... .......... .......... .......... 94%  478M 0s
142250K .......... .......... .......... .......... .......... 94%  410M 0s
142300K .......... .......... .......... .......... .......... 94%  471M 0s
142350K .......... .......... .......... .......... .......... 94%  349M 0s
142400K .......... .......... .......... .......... .......... 94%  368M 0s
142450K .......... .......... .......... .......... .......... 94%  482M 0s
142500K .......... .......... .......... .......... .......... 94%  492M 0s
142550K .......... .......... .......... .......... .......... 94%  390M 0s
142600K .......... .......... .......... .......... .......... 94%  424M 0s
142650K .......... .......... .......... .......... .......... 94%  475M 0s
142700K .......... .......... .......... .......... .......... 94%  434M 0s
142750K .......... .......... .......... .......... .......... 94%  315M 0s
142800K .......... .......... .......... .......... .......... 94%  408M 0s
142850K .......... .......... .......... .......... .......... 94%  324M 0s
142900K .......... .......... .......... .......... .......... 94%  391M 0s
142950K .......... .......... .......... .......... .......... 94%  442M 0s
143000K .......... .......... .......... .......... .......... 94%  483M 0s
143050K .......... .......... .......... .......... .......... 94%  499M 0s
143100K .......... .......... .......... .......... .......... 94%  477M 0s
143150K .......... .......... .......... .......... .......... 94%  367M 0s
143200K .......... .......... .......... .......... .......... 94%  479M 0s
143250K .......... .......... .......... .......... .......... 94%  393M 0s
143300K .......... .......... .......... .......... .......... 95%  479M 0s
143350K .......... .......... .......... .......... .......... 95%  449M 0s
143400K .......... .......... .......... .......... .......... 95%  477M 0s
143450K .......... .......... .......... .......... .......... 95%  319M 0s
143500K .......... .......... .......... .......... .......... 95% 80.1M 0s
143550K .......... .......... .......... .......... .......... 95% 59.9M 0s
143600K .......... .......... .......... .......... .......... 95% 91.8M 0s
143650K .......... .......... .......... .......... .......... 95%  133M 0s
143700K .......... .......... .......... .......... .......... 95%  137M 0s
143750K .......... .......... .......... .......... .......... 95%  418M 0s
143800K .......... .......... .......... .......... .......... 95%  458M 0s
143850K .......... .......... .......... .......... .......... 95%  415M 0s
143900K .......... .......... .......... .......... .......... 95%  416M 0s
143950K .......... .......... .......... .......... .......... 95%  340M 0s
144000K .......... .......... .......... .......... .......... 95%  366M 0s
144050K .......... .......... .......... .......... .......... 95%  377M 0s
144100K .......... .......... .......... .......... .......... 95%  414M 0s
144150K .......... .......... .......... .......... .......... 95%  421M 0s
144200K .......... .......... .......... .......... .......... 95%  486M 0s
144250K .......... .......... .......... .......... .......... 95%  454M 0s
144300K .......... .......... .......... .......... .......... 95%  415M 0s
144350K .......... .......... .......... .......... .......... 95%  365M 0s
144400K .......... .......... .......... .......... .......... 95%  507M 0s
144450K .......... .......... .......... .......... .......... 95%  480M 0s
144500K .......... .......... .......... .......... .......... 95%  103M 0s
144550K .......... .......... .......... .......... .......... 95%  486M 0s
144600K .......... .......... .......... .......... .......... 95%  485M 0s
144650K .......... .......... .......... .......... .......... 95%  458M 0s
144700K .......... .......... .......... .......... .......... 95%  361M 0s
144750K .......... .......... .......... .......... .......... 95%  305M 0s
144800K .......... .......... .......... .......... .......... 96%  453M 0s
144850K .......... .......... .......... .......... .......... 96%  445M 0s
144900K .......... .......... .......... .......... .......... 96%  426M 0s
144950K .......... .......... .......... .......... .......... 96%  468M 0s
145000K .......... .......... .......... .......... .......... 96%  498M 0s
145050K .......... .......... .......... .......... .......... 96%  437M 0s
145100K .......... .......... .......... .......... .......... 96%  483M 0s
145150K .......... .......... .......... .......... .......... 96%  376M 0s
145200K .......... .......... .......... .......... .......... 96%  396M 0s
145250K .......... .......... .......... .......... .......... 96%  488M 0s
145300K .......... .......... .......... .......... .......... 96%  480M 0s
145350K .......... .......... .......... .......... .......... 96%  467M 0s
145400K .......... .......... .......... .......... .......... 96%  473M 0s
145450K .......... .......... .......... .......... .......... 96%  324M 0s
145500K .......... .......... .......... .......... .......... 96%  370M 0s
145550K .......... .......... .......... .......... .......... 96%  339M 0s
145600K .......... .......... .......... .......... .......... 96%  463M 0s
145650K .......... .......... .......... .......... .......... 96%  405M 0s
145700K .......... .......... .......... .......... .......... 96%  474M 0s
145750K .......... .......... .......... .......... .......... 96%  497M 0s
145800K .......... .......... .......... .......... .......... 96%  498M 0s
145850K .......... .......... .......... .......... .......... 96%  491M 0s
145900K .......... .......... .......... .......... .......... 96%  327M 0s
145950K .......... .......... .......... .......... .......... 96%  368M 0s
146000K .......... .......... .......... .......... .......... 96%  457M 0s
146050K .......... .......... .......... .......... .......... 96%  419M 0s
146100K .......... .......... .......... .......... .......... 96%  475M 0s
146150K .......... .......... .......... .......... .......... 96%  421M 0s
146200K .......... .......... .......... .......... .......... 96%  434M 0s
146250K .......... .......... .......... .......... .......... 96%  482M 0s
146300K .......... .......... .......... .......... .......... 97%  394M 0s
146350K .......... .......... .......... .......... .......... 97%  352M 0s
146400K .......... .......... .......... .......... .......... 97%  501M 0s
146450K .......... .......... .......... .......... .......... 97%  487M 0s
146500K .......... .......... .......... .......... .......... 97%  432M 0s
146550K .......... .......... .......... .......... .......... 97%  486M 0s
146600K .......... .......... .......... .......... .......... 97%  507M 0s
146650K .......... .......... .......... .......... .......... 97%  428M 0s
146700K .......... .......... .......... .......... .......... 97%  478M 0s
146750K .......... .......... .......... .......... .......... 97%  323M 0s
146800K .......... .......... .......... .......... .......... 97%  451M 0s
146850K .......... .......... .......... .......... .......... 97%  357M 0s
146900K .......... .......... .......... .......... .......... 97%  471M 0s
146950K .......... .......... .......... .......... .......... 97%  416M 0s
147000K .......... .......... .......... .......... .......... 97%  440M 0s
147050K .......... .......... .......... .......... .......... 97%  487M 0s
147100K .......... .......... .......... .......... .......... 97%  499M 0s
147150K .......... .......... .......... .......... .......... 97%  339M 0s
147200K .......... .......... .......... .......... .......... 97%  487M 0s
147250K .......... .......... .......... .......... .......... 97%  496M 0s
147300K .......... .......... .......... .......... .......... 97%  483M 0s
147350K .......... .......... .......... .......... .......... 97%  508M 0s
147400K .......... .......... .......... .......... .......... 97%  450M 0s
147450K .......... .......... .......... .......... .......... 97%  311M 0s
147500K .......... .......... .......... .......... .......... 97%  460M 0s
147550K .......... .......... .......... .......... .......... 97%  355M 0s
147600K .......... .......... .......... .......... .......... 97%  391M 0s
147650K .......... .......... .......... .......... .......... 97%  388M 0s
147700K .......... .......... .......... .......... .......... 97%  396M 0s
147750K .......... .......... .......... .......... .......... 97%  433M 0s
147800K .......... .......... .......... .......... .......... 98%  374M 0s
147850K .......... .......... .......... .......... .......... 98%  499M 0s
147900K .......... .......... .......... .......... .......... 98%  492M 0s
147950K .......... .......... .......... .......... .......... 98%  357M 0s
148000K .......... .......... .......... .......... .......... 98%  484M 0s
148050K .......... .......... .......... .......... .......... 98%  461M 0s
148100K .......... .......... .......... .......... .......... 98%  479M 0s
148150K .......... .......... .......... .......... .......... 98%  484M 0s
148200K .......... .......... .......... .......... .......... 98%  473M 0s
148250K .......... .......... .......... .......... .......... 98%  500M 0s
148300K .......... .......... .......... .......... .......... 98%  423M 0s
148350K .......... .......... .......... .......... .......... 98%  373M 0s
148400K .......... .......... .......... .......... .......... 98%  500M 0s
148450K .......... .......... .......... .......... .......... 98%  491M 0s
148500K .......... .......... .......... .......... .......... 98%  501M 0s
148550K .......... .......... .......... .......... .......... 98%  481M 0s
148600K .......... .......... .......... .......... .......... 98%  483M 0s
148650K .......... .......... .......... .......... .......... 98%  481M 0s
148700K .......... .......... .......... .......... .......... 98%  463M 0s
148750K .......... .......... .......... .......... .......... 98%  303M 0s
148800K .......... .......... .......... .......... .......... 98%  477M 0s
148850K .......... .......... .......... .......... .......... 98%  498M 0s
148900K .......... .......... .......... .......... .......... 98%  498M 0s
148950K .......... .......... .......... .......... .......... 98%  488M 0s
149000K .......... .......... .......... .......... .......... 98%  121M 0s
149050K .......... .......... .......... .......... .......... 98% 81.9M 0s
149100K .......... .......... .......... .......... .......... 98% 83.9M 0s
149150K .......... .......... .......... .......... .......... 98% 64.3M 0s
149200K .......... .......... .......... .......... .......... 98% 82.7M 0s
149250K ...
exit_code: 0

....... .......... .......... .......... .......... 98%  236M 0s
149300K .......... .......... .......... .......... .......... 98%  456M 0s
149350K .......... .......... .......... .......... .......... 99%  475M 0s
149400K .......... .......... .......... .......... .......... 99%  481M 0s
149450K .......... .......... .......... .......... .......... 99%  376M 0s
149500K .......... .......... .......... .......... .......... 99%  483M 0s
149550K .......... .......... .......... .......... .......... 99%  299M 0s
149600K .......... .......... .......... .......... .......... 99%  477M 0s
149650K .......... .......... .......... .......... .......... 99%  484M 0s
149700K .......... .......... .......... .......... .......... 99%  486M 0s
149750K .......... .......... .......... .......... .......... 99%  473M 0s
149800K .......... .......... .......... .......... .......... 99%  470M 0s
149850K .......... .......... .......... .......... .......... 99%  478M 0s
149900K .......... .......... .......... .......... .......... 99%  290M 0s
149950K .......... .......... .......... .......... .......... 99%  362M 0s
150000K .......... .......... .......... .......... .......... 99%  492M 0s
150050K .......... .......... .......... .......... .......... 99%  485M 0s
150100K .......... .......... .......... .......... .......... 99%  488M 0s
150150K .......... .......... .......... .......... .......... 99%  489M 0s
150200K .......... .......... .......... .......... .......... 99%  493M 0s
150250K .......... .......... .......... .......... .......... 99%  466M 0s
150300K .......... .......... .......... .......... .......... 99%  462M 0s
150350K .......... .......... .......... .......... .......... 99%  320M 0s
150400K .......... .......... .......... .......... .......... 99%  463M 0s
150450K .......... .......... .......... .......... .......... 99%  485M 0s
150500K .......... .......... .......... .......... .......... 99%  497M 0s
150550K .......... .......... .......... .......... .......... 99%  488M 0s
150600K .......... .......... .......... .......... .......... 99%  506M 0s
150650K .......... .......... .......... .......... .......... 99%  489M 0s
150700K .......... .......... .......... .......... .......... 99%  497M 0s
150750K .......... .......... .......... .......... .......... 99%  368M 0s
150800K .......... .......... .......... .......... .......... 99%  445M 0s
150850K .......... ....                                       100%  845M=0.7s

2026-05-17 17:03:49 (202 MB/s) - ‘sources/linux-6.18.32.tar.xz’ saved [154485060/154485060]

## 2026-05-17T17:03:52Z
description: Record Linux tarball checksum
cwd: /home/azureuser/KernelSlim
command: sha256sum sources/linux-6.18.32.tar.xz

067dadd445578284ea6158f312f7970d8940fed3e094dbe49cff66d188d3bda4  sources/linux-6.18.32.tar.xz

exit_code: 0

## 2026-05-17T17:03:57Z
description: Extract Linux 6.18.32 source tree
cwd: /home/azureuser/KernelSlim
command: tar -C sources -xf sources/linux-6.18.32.tar.xz


exit_code: 0

